Index,Company Code,Full_Name,Company_ID,CatID
1,A32,CTCP 32,4712,5
2,AAA,CTCP Nhựa An Phát Xanh,2541,1
3,AAM,CTCP Thủy sản MeKong,1813,1
4,AAS,CTCP Chứng khoán SmartInvest (AAS),1339,5
5,AAT,CTCP Tập Đoàn Tiên Sơn Thanh Hóa ,3905,1
6,AAV,CTCP AAV Group,4522,2
7,ABB,Ngân hàng TMCP An Bình,1196,5
8,ABC,CTCP Truyền thông VMG,2920,5
9,ABI,CTCP Bảo hiểm Ngân hàng Nông nghiệp Việt Nam,1786,5
10,ABR,CTCP Đầu tư Nhãn hiệu Việt,4473,1
11,ABS,CTCP Dịch vụ Nông nghiệp Bình Thuận,4784,1
12,ABT,CTCP Xuất nhập khẩu Thủy sản Bến Tre,783,1
13,AC4,CTCP ACC-244,2995,5
14,ACB,Ngân hàng TMCP Á Châu,885,1
15,ACC,CTCP Đầu tư và Xây dựng Bình Dương ACC,2041,1
16,ACE,CTCP Bê tông Ly tâm An Giang,1525,5
17,ACG,CTCP Gỗ An Cường,4793,1
18,ACL,CTCP Xuất nhập khẩu Thủy sản Cửu Long An Giang,936,1
19,ACM,CTCP Tập đoàn Khoáng sản Á Cường,4027,5
20,ACS,CTCP Xây lắp Thương mại 2,1997,5
21,ACV,Tổng Công ty Cảng Hàng không Việt Nam - CTCP,4052,5
22,ADC,CTCP Mỹ thuật và Truyền thông,2486,2
23,ADG,CTCP Clever Group,4779,1
24,ADP,CTCP Sơn Á Đông,2017,5
25,ADS,CTCP Damsan,3181,1
26,AFC,CTCP Nông Lâm nghiệp Bình Dương,4511,5
27,AFX,CTCP Xuất nhập khẩu Nông sản Thực phẩm An Giang,3218,5
28,AG1,CTCP 28.1,4633,5
29,AGE,CTCP Môi trường Đô thị An Giang,4664,5
30,AGF,CTCP Xuất nhập khẩu Thủy sản An Giang,38,5
31,AGG,CTCP Đầu tư và Phát triển Bất động sản An Gia,4782,1
32,AGM,CTCP Xuất Nhập khẩu An Giang,1935,1
33,AGP,CTCP Dược phẩm Agimexpharm,2493,5
34,AGR,CTCP Chứng khoán Agribank,1401,1
35,AGX,CTCP Thực phẩm Nông Sản xuất khẩu Sài Gòn,1245,5
36,AIC,Tổng Công ty Cổ phần Bảo hiểm Hàng không,1991,5
37,ALT,CTCP Văn hóa Tân Bình,778,2
38,ALV,CTCP Xây dựng ALVICO,2657,5
39,AMC,CTCP Khoáng sản Á Châu,2655,2
40,AMD,CTCP Đầu tư và Khoáng sản FLC Stone,3728,1
41,AME,CTCP Alphanam E&amp;C,2611,2
42,AMP,CTCP Armephaco,2607,5
43,AMS,CTCP Cơ khí Xây dựng AMECC,3116,5
44,AMV,CTCP Sản xuất Kinh doanh Dược và Trang thiết bị Y tế Việt Mỹ,2121,2
45,ANT,CTCP Rau quả Thực phẩm An Giang,3215,5
46,ANV,CTCP Nam Việt,1016,1
47,APC,CTCP Chiếu xạ An Phú,1896,1
48,APF,CTCP Nông sản Thực phẩm Quảng Ngãi,1704,5
49,APG,CTCP Chứng khoán APG,1201,1
50,APH,CTCP Tập đoàn An Phát Holdings,4803,1
51,API,CTCP Đầu tư Châu Á - Thái Bình Dương,1864,2
52,APL,CTCP Cơ khí và Thiết bị áp lực - VVMI,4393,5
53,APP,CTCP Phát triển Phụ gia và Sản phẩm Dầu Mỏ,2670,5
54,APS,CTCP Chứng khoán Châu Á Thái Bình Dương,1319,2
55,APT,CTCP Kinh doanh Thủy Hải Sản Sài Gòn,2104,5
56,AQN,CTCP 28 Quảng Ngãi,4732,5
57,ARM,CTCP Xuất nhập khẩu Hàng không,1756,2
58,ART,CTCP Chứng khoán BOS,1321,2
59,ASA,CTCP ASA,3021,5
60,ASD,CTCP Sông Đà Hà Nội,3762,5
61,ASG,CTCP Tập đoàn ASG,4698,1
62,ASM,CTCP Tập đoàn Sao Mai,1930,1
63,ASP,CTCP Tập đoàn Dầu khí An Pha,1060,1
64,AST,CTCP Dịch vụ Hàng không Taseco,4626,1
65,ATA,CTCP Ntaco,1817,5
66,ATB,CTCP An Thịnh,4543,5
67,ATD,CTCP 28 Đà Nẵng,4746,5
68,ATG,CTCP An Trường An,4323,5
69,ATS,CTCP Tập Đoàn Dược Phẩm Atesco,4136,2
70,AUM,CTCP Vinacafe Sơn Thành,2835,5
71,AVC,CTCP Thủy điện A Vương,3123,5
72,AVF,CTCP Việt An,2704,5
73,B82,CTCP 482,1135,5
74,BAB,Ngân hàng TMCP Bắc Á,1191,2
75,BAF,CTCP Nông nghiệp BAF Việt Nam,4880,1
76,BAL,CTCP Bao bì Bia - Rượu - Nước giải khát,2158,5
77,BAM,CTCP Khoáng sản và Luyện kim Bắc Á,3763,5
78,BAX,CTCP Thống Nhất,1561,2
79,BBC,CTCP Bibica,47,1
80,BBH,CTCP Bao bì Hoàng Thạch,4801,5
81,BBM,CTCP Bia Hà Nội - Nam Định,4004,5
82,BBS,CTCP VICEM Bao bì Bút Sơn,889,2
83,BBT,CTCP Bông Bạch Tuyết,315,5
84,BCA,CTCP B.C.H,4874,5
85,BCB,CTCP 397,4713,5
86,BCC,CTCP Xi măng Bỉm Sơn,892,2
87,BCE,CTCP Xây dựng và Giao thông Bình Dương,1769,1
88,BCF,CTCP Thực phẩm Bích Chi,2727,2
89,BCG,CTCP Tập đoàn Bamboo Capital,4058,1
90,BCI,CTCP Đầu tư Xây dựng Bình Chánh,1489,1
91,BCM,Tổng Công ty Đầu tư và Phát triển Công nghiệp – CTCP,4586,1
92,BCP,CTCP Dược ENLIE,1652,5
93,BCV,CTCP Du lịch và Thương mại Bằng Giang Cao Bằng - Vimico,4846,5
94,BDB,CTCP Sách và Thiết bị Bình Định,1862,2
95,BDC,Tổng Công ty Xây dựng Bạch Đằng - CTCP,3654,5
96,BDF,CTCP Giày Bình Định,3104,5
97,BDG,CTCP May mặc Bình Dương,4163,5
98,BDP,CTCP Biệt thự và Khách sạn biển Đông Phương,4493,5
99,BDT,CTCP Xây lắp và Vật liệu Xây dựng Đồng Tháp,4363,5
100,BDW,CTCP Cấp thoát nước Bình Định,3877,5
101,BED,CTCP Sách và Thiết bị Trường học Đà Nẵng,1848,2
102,BEL,CTCP Điện tử Biên Hòa,1276,5
103,BFC,CTCP Phân bón Bình Điền,3629,1
104,BGM,CTCP Khai Thác &amp; Chế Biến Khoáng Sản Bắc Giang,2760,1
105,BGW,CTCP Nước sạch Bắc Giang,4087,5
106,BHA,CTCP Thủy điện Bắc Hà,4531,5
107,BHC,CTCP Bê tông Biên Hòa,1558,5
108,BHG,CTCP Chè Biển Hồ,4715,5
109,BHK,CTCP Bia Hà Nội - Kim Bài,4671,5
110,BHN,Tổng Công ty cổ phần Bia - Rượu - Nước giải khát Hà Nội,1313,1
111,BHP,CTCP Bia Hà Nội - Hải Phòng,2185,5
112,BHS,CTCP Đường Biên Hòa,784,1
113,BHT,CTCP Đầu tư Xây dựng Bạch Đằng TMC,2659,5
114,BHV,CTCP Bá Hiến,893,5
115,BIC,Tổng Công ty cổ phần Bảo hiểm Ngân hàng Đầu tư và Phát triển Việt Nam,1909,1
116,BID,Ngân hàng TMCP Đầu tư và Phát triển Việt Nam,1161,1
117,BIG,CTCP Big Invest Group,4891,5
118,BII,CTCP Louis Land,3746,2
119,BIO,CTCP Vắc xin và Sinh phẩm Nha Trang,4260,5
120,BKC,CTCP Khoáng sản Bắc Kạn,1806,2
121,BKG,CTCP Đầu tư BKG Việt Nam,4847,1
122,BKH,CTCP Bánh mứt kẹo Hà Nội,1565,5
123,BLF,CTCP Thủy sản Bạc Liêu,1151,2
124,BLI,Tổng Công ty cổ phần Bảo hiểm Bảo Long,1873,5
125,BLN,CTCP Vận tải và Dịch vụ Liên Ninh,3980,5
126,BLT,CTCP Lương thực Bình Định,2478,5
127,BLU,Trung tâm Dịch vụ Đô thị tỉnh Bạc Liêu,4728,5
128,BLW,CTCP Cấp nước Bạc Liêu,4061,5
129,BM9,CTCP Đầu tư Xây dựng 319 Miền Nam,4748,5
130,BMC,CTCP Khoáng sản Bình Định,785,1
131,BMD,CTCP Môi trường và Dịch vụ Đô thị Bình Thuận,4512,5
132,BMF,CTCP Vật liệu Xây dựng và Chất đốt Đồng Nai,4670,5
133,BMG,CTCP May Bình Minh,4719,5
134,BMI,Tổng Công ty cổ phần Bảo Minh,894,1
135,BMJ,CTCP Khoáng sản Miền Đông AHP,2026,5
136,BMN,CTCP 715,4294,5
137,BMP,CTCP Nhựa Bình Minh,712,1
138,BMS,CTCP Chứng khoán Bảo Minh,1323,5
139,BMV,CTCP Bột mỳ Vinafood 1,4391,5
140,BNA,CTCP Đầu tư Sản xuất Bảo Ngọc,4834,2
141,BNW,CTCP Nước sạch Bắc Ninh,4445,5
142,BOT,CTCP BOT Cầu Thái Hà,4727,5
143,BPC,CTCP VICEM Bao bì Bỉm Sơn,40,2
144,BPW,CTCP Cấp thoát nước Bình Phước,4240,5
145,BQB,CTCP Bia Hà Nội - Quảng Bình,4629,5
146,BRC,CTCP Cao su Bến Thành,2146,1
147,BRR,CTCP Cao su Bà Rịa,4515,5
148,BRS,CTCP Dịch vụ Đô thị Bà Rịa,3829,5
149,BSA,CTCP Thủy điện Buôn Đôn,4699,5
150,BSC,CTCP Dịch vụ Bến Thành,2081,2
151,BSD,"CTCP Bia, Rượu Sài Gòn - Đồng Xuân",4495,5
152,BSG,CTCP Xe khách Sài Gòn,4253,5
153,BSH,CTCP Bia Sài Gòn - Hà Nội,4694,5
154,BSI,CTCP Chứng khoán Ngân hàng Đầu tư và Phát triển Việt Nam,1402,1
155,BSL,CTCP Bia Sài Gòn - Sông Lam,4514,5
156,BSP,CTCP Bia Sài Gòn - Phú Thọ,4365,5
157,BSQ,CTCP Bia Sài Gòn - Quảng Ngãi,2802,5
158,BSR,CTCP Lọc hóa Dầu Bình Sơn,4338,5
159,BST,CTCP Sách và Thiết bị Bình Thuận,1447,2
160,BT1,CTCP Bảo vệ Thực vật 1 Trung Ương,2857,5
161,BT6,CTCP Beton 6,36,5
162,BTB,CTCP Bia Hà Nội - Thái Bình,2401,5
163,BTC,CTCP Cơ khí  và Xây dựng Bình Triệu,41,5
164,BTD,CTCP Bê tông Ly tâm Thủ Đức,2455,5
165,BTG,CTCP Bao bì Tiền Giang,1934,5
166,BTH,CTCP Chế tạo Biến thế và Vật liệu Điện Hà Nội,1117,5
167,BTN,CTCP Gạch Tuy Nen Bình Định,4627,5
168,BTP,CTCP Nhiệt điện Bà Rịa,1702,1
169,BTR,CTCP Đường sắt Bình Trị Thiên,4320,5
170,BTS,CTCP Xi măng VICEM Bút Sơn,895,2
171,BTT,CTCP Thương mại Dịch vụ Bến Thành,2042,1
172,BTU,CTCP Công trình Đô thị Bến Tre,3849,5
173,BTV,CTCP Dịch vụ Du lịch Bến Thành,3848,5
174,BTW,CTCP Cấp nước Bến Thành,1307,2
175,BUD,CTCP Khoa học Công nghệ Việt Nam,4623,5
176,BVB,Ngân hàng TMCP Bản Việt,1197,5
177,BVG,CTCP Group Bắc Việt,2626,5
178,BVH,Tập đoàn Bảo Việt,1544,1
179,BVL,CTCP BV Land,4867,5
180,BVN,CTCP Bông Việt Nam,2340,5
181,BVS,CTCP Chứng khoán Bảo Việt,897,2
182,BWA,CTCP Cấp thoát nước và Xây dựng Bảo Lộc,2547,5
183,BWE,CTCP Nước - Môi trường Bình Dương,4355,1
184,BWS,CTCP Cấp nước Bà Rịa - Vũng Tàu,2440,5
185,BXH,CTCP VICEM Bao bì Hải Phòng,1563,2
186,BXT,CTCP Bến xe Tàu Hậu Giang,4739,5
187,C12,CTCP Cầu 12,2928,5
188,C21,CTCP Thế Kỷ 21 ,2003,5
189,C22,CTCP 22,4679,5
190,C32,CTCP CIC39,2055,1
191,C36,CTCP Quản lý và Xây dựng Công trình Giao thông 236,2848,5
192,C47,CTCP Xây dựng 47,2120,1
193,C4G,CTCP Tập đoàn CIENCO4,3803,5
194,C69,CTCP Xây dựng 1369,4397,2
195,C71,CTCP 471,3000,5
196,C92,CTCP Xây dựng và Đầu tư 492,1028,5
197,CAB,CTCP Tổng Công ty Truyền hình Cáp Việt Nam,4665,5
198,CAD,CTCP Chế biến và Xuất nhập khẩu Thủy sản Cadovimex,1454,5
199,CAG,CTCP Cảng An Giang,4504,2
200,CAM,CTCP Môi trường đô thị Cà Mau,4178,5
201,CAN,CTCP Đồ hộp Hạ Long,48,2
202,CAP,CTCP Lâm Nông sản Thực phẩm Yên Bái,1029,2
203,CAR,CTCP Tập đoàn Giáo dục Trí Việt,4902,5
204,CAT,CTCP Thủy sản Cà Mau,1259,5
205,CAV,CTCP Dây Cáp điện Việt Nam,1283,1
206,CBC,CTCP Chè Bàu Cạn,4417,5
207,CBI,CTCP Gang thép Cao Bằng,4562,5
208,CBS,CTCP Mía Đường Cao Bằng,3337,5
209,CC1,Tổng Công ty Xây dựng Số 1 - CTCP,4343,5
210,CC4,CTCP Đầu tư và Xây dựng Số 4,2253,5
211,CCA,CTCP Xuất nhập khẩu Thuỷ sản Cần Thơ,3004,5
212,CCH,CTCP Tư vấn và Đầu tư Xây dựng CCIC Hà Nội,2112,5
213,CCI,CTCP Đầu tư Phát triển Công nghiệp Thương mại Củ Chi,1277,1
214,CCL,CTCP Đầu Tư và Phát triển Đô Thị Dầu khí Cửu Long,2710,1
215,CCM,CTCP khoáng sản và Xi măng Cần Thơ,1312,5
216,CCP,CTCP Cảng Cửa Cấm Hải Phòng,1638,5
217,CCR,CTCP Cảng Cam Ranh,3999,2
218,CCT,CTCP Cảng Cần Thơ,3878,5
219,CCV,CTCP Tư vấn Xây dựng Công nghiệp và Đô thị Việt Nam,3835,5
220,CDC,CTCP Chương Dương,1031,1
221,CDG,CTCP Cầu Đuống,2284,5
222,CDH,CTCP Công trình Công cộng và Dịch vụ Du lịch Hải Phòng,4324,5
223,CDN,CTCP Cảng Đà Nẵng,3777,2
224,CDO,CTCP Tư vấn Thiết kế và Phát triển Đô thị,3982,5
225,CDP,CTCP Dược phẩm Trung ương Codupha,2524,5
226,CDR,CTCP Xây dựng Cao su Đồng Nai,3228,5
227,CE1,CTCP Xây dựng và Thiết bị Công nghiệp CIE1,3010,5
228,CEC,CTCP Thiết kế Công Nghiệp Hóa chất,3099,5
229,CEE,CTCP Xây dựng Hạ tầng CII,4468,1
230,CEG,CTCP Tập đoàn Xây dựng và Thiết bị Công nghiệp,2005,5
231,CEN,CTCP CENCON Việt Nam,4685,5
232,CEO,CTCP Tập đoàn C.E.O,3345,2
233,CER,CTCP Địa chính và Tài nguyên Môi trường,4580,5
234,CET,CTCP HTC Holding,4380,2
235,CFC,CTCP Cafico Việt Nam,1779,5
236,CFM,CTCP Đầu tư CFM,4853,5
237,CFV,CTCP Cà phê Thắng Lợi,4735,5
238,CGL,CTCP Thương mại Gia Lai,1731,5
239,CGP,CTCP Dược phẩm Cần Giờ,1547,5
240,CGV,CTCP Vinaceglass,2141,5
241,CH5,CTCP Xây dựng Số 5 Hà Nội,2793,5
242,CHC,CTCP Cẩm Hà,2936,5
243,CHP,CTCP Thủy điện Miền Trung,2123,1
244,CHS,CTCP Chiếu sáng Công cộng Thành phố Hồ Chí Minh,4242,5
245,CI5,CTCP Đầu Tư Xây dựng Số 5,2827,5
246,CIA,CTCP Dịch vụ Sân bay Quốc tế Cam Ranh,4510,2
247,CID,CTCP Xây dựng và Phát triển Cơ sở Hạ tầng,899,5
248,CIG,CTCP COMA 18,2933,1
249,CII,CTCP Đầu tư Hạ tầng Kỹ thuật Thành phố Hồ Chí Minh,95,1
250,CIP,CTCP Xây lắp và Sản xuất Công nghiệp,2922,5
251,CJC,CTCP Cơ điện Miền Trung,900,2
252,CK8,CTCP Cơ khí 120,3175,5
253,CKA,CTCP Cơ Khí An Giang,4711,5
254,CKD,CTCP Cơ khí Đông Anh LICOGI,3620,5
255,CKG,CTCP Tập đoàn Tư vấn Đầu tư Xây dựng Kiên Giang,2239,1
256,CKH,CTCP Cơ khí Chế Tạo Hải Phòng,2861,5
257,CKV,CTCP COKYVINA,2175,2
258,CLC,CTCP Cát Lợi,779,1
259,CLG,CTCP Đầu tư và Phát triển Nhà đất COTEC,2252,5
260,CLH,CTCP Xi măng La Hiên VVMI,2153,2
261,CLL,CTCP Cảng Cát Lái,1637,1
262,CLM,CTCP Xuất nhập khẩu Than - Vinacomin,2221,2
263,CLW,CTCP Cấp nước Chợ Lớn,1918,1
264,CLX,CTCP Xuất nhập khẩu và Đầu tư Chợ Lớn (CHOLIMEX),4252,5
265,CMC,CTCP Đầu tư CMC,901,2
266,CMD,CTCP Vật liệu Xây dựng và Trang trí nội thất Thành phố Hồ Chí Minh,1247,5
267,CMF,CTCP Thực phẩm Cholimex,2312,5
268,CMG,CTCP Tập đoàn Công nghệ CMC,1879,1
269,CMI,CTCP CMISTONE Việt Nam,1860,5
270,CMK,CTCP Cơ khí Mạo Khê - Vinacomin,3078,5
271,CMM,CTCP Camimex,4920,5
272,CMN,CTCP Lương thực Thực phẩm Colusa - Miliket,2161,5
273,CMP,CTCP Cảng Chân Mây,3868,5
274,CMS,CTCP Tập Đoàn CMH Việt Nam,2529,2
275,CMT,CTCP Công nghệ Mạng và Truyền thông,1897,5
276,CMV,CTCP Thương nghiệp Cà Mau,1733,1
277,CMW,CTCP Cấp nước Cà Mau,4478,5
278,CMX,CTCP Camimex Group,2368,1
279,CNA,CTCP Tổng Công ty Chè Nghệ An,4884,5
280,CNC,CTCP Công nghệ Cao Traphaco,3015,5
281,CNG,CTCP CNG Việt Nam,3053,1
282,CNH,CTCP Cảng Nha Trang,3780,5
283,CNN,CTCP Tư vấn Công nghệ Thiết bị và Kiểm Định Xây dựng - Coninco,3837,5
284,CNT,CTCP Tập đoàn CNT,1227,5
285,COM,CTCP Vật tư Xăng Dầu,768,1
286,CPA,CTCP Cà phê Phước An,4484,5
287,CPC,CTCP Thuốc sát trùng Cần Thơ,1841,2
288,CPH,CTCP Phục vụ Mai táng Hải Phòng,4455,5
289,CPI,CTCP Đầu tư Cảng Cái Lân,2855,5
290,CPW,CTCP Công trình Giao thông Công chánh,4106,5
291,CQN,CTCP Cảng Quảng Ninh,3778,5
292,CQT,CTCP Xi măng Quán Triều VVMI,3833,5
293,CRC,CTCP Create Capital Việt Nam,4519,1
294,CRE,CTCP Bất động sản Thế Kỷ,4674,1
295,CSC,CTCP Tập đoàn COTANA,1522,2
296,CSI,CTCP Chứng khoán Kiến thiết Việt Nam,1476,5
297,CSM,CTCP Công nghiệp Cao su Miền Nam,1253,1
298,CST,CTCP Than Cao Sơn - TKV,4861,5
299,CSV,CTCP Hóa chất Cơ bản Miền Nam,3862,1
300,CT3,CTCP Đầu tư và Xây dựng Công trình 3,1894,5
301,CT5,CTCP 319.5,4789,5
302,CT6,CTCP Công trình 6,2100,5
303,CTA,CTCP Vinavico,2643,5
304,CTB,CTCP Chế tạo Bơm Hải Dương,902,2
305,CTC,CTCP Tập đoàn Hoàng Kim Tây Nguyên,1213,2
306,CTD,CTCP Xây dựng Coteccons,1553,1
307,CTF,CTCP City Auto,4428,1
308,CTG,Ngân hàng TMCP Công Thương Việt Nam,1160,1
309,CTI,CTCP Đầu tư Phát triển Cường Thuận IDICO,1856,1
310,CTN,CTCP Xây dựng Công trình ngầm,903,5
311,CTP,CTCP Minh Khang Capital Trading Public,4291,2
312,CTR,Tổng Công ty cổ phần Công trình Viettel,2931,1
313,CTS,CTCP Chứng khoán Ngân hàng Công thương Việt Nam,1405,1
314,CTT,CTCP Chế tạo Máy - Vinacomin,2747,2
315,CTW,CTCP Cấp thoát nước Cần Thơ,4057,5
316,CTX,Tổng Công ty cổ phần Đầu tư Xây dựng và Thương mại Việt Nam,2271,2
317,CVC,CTCP Cơ điện Vật tư,2250,5
318,CVH,"CTCP Công viên, Cây xanh Hải Phòng",4513,5
319,CVN,CTCP Vinam,2618,2
320,CVP,CTCP Cảng Cửa Việt,4897,5
321,CVT,CTCP CMC,1854,1
322,CX8,CTCP Đầu tư và Xây lắp Constrexim Số 8,1431,2
323,CXH,CTCP Xe khách Hà Nội,4262,5
324,CYC,CTCP Gạch men Chang Yih,767,5
325,CZC,CTCP Than Miền Trung,2726,5
326,D11,CTCP Địa ốc 11,2489,2
327,D26,CTCP Quản Lý &amp; Xây Dựng Đường Bộ 26,1710,5
328,D2D,CTCP Phát triển Đô thị Công nghiệp số 2,1805,1
329,DAC,CTCP 382 Đông Anh,904,5
330,DAD,CTCP Đầu tư và Phát triển Giáo dục Đà Nẵng,1811,2
331,DAE,CTCP Sách Giáo dục tại Thành phố Đà Nẵng,905,2
332,DAG,CTCP Tập đoàn Nhựa Đông Á,1838,1
333,DAH,CTCP Tập đoàn Khách sạn Đông Á,4356,1
334,DAN,CTCP Dược Danapha,2351,5
335,DAP,CTCP Đông Á,2540,5
336,DAR,CTCP Xe lửa Dĩ An,4194,5
337,DAS,CTCP Máy - Thiết bị Dầu khí Đà Nẵng,1722,5
338,DAT,CTCP Đầu tư du lịch và Phát triển Thủy sản,4167,1
339,DBC,CTCP Tập đoàn Dabaco Việt Nam,1131,1
340,DBD,CTCP Dược - Trang thiết bị Y tế Bình Định (BIDIPHAR),2696,1
341,DBH,CTCP Đường bộ Hải Phòng,4313,5
342,DBM,CTCP Dược - Vật tư Y Tế Đăk Lăk,1654,5
343,DBT,CTCP Dược phẩm Bến Tre,1851,1
344,DBW,CTCP Cấp nước Điện Biên,4109,5
345,DC1,CTCP Đầu tư Phát triển Xây dựng Số 1,2636,5
346,DC2,CTCP Đầu tư - Phát triển - Xây dựng (DIC) Số 2,2534,2
347,DC4,CTCP Xây dựng DIC Holdings,1432,1
348,DCD,CTCP Du lịch và Thương mại DIC,2176,5
349,DCF,CTCP Xây dựng và Thiết kế Số 1,1761,5
350,DCG,CTCP Tổng Công ty May Đáp Cầu,2273,5
351,DCH,CTCP Địa chính Hà Nội,4069,5
352,DCI,CTCP Công nghiệp Hóa chất Đà Nẵng,2471,5
353,DCL,CTCP Dược phẩm Cửu Long,1305,1
354,DCM,CTCP Phân bón Dầu khí Cà Mau,3844,1
355,DCR,CTCP Gạch men Cosevco,1791,5
356,DCS,CTCP Tập đoàn Đại Châu,1032,5
357,DCT,CTCP Tấm lợp Vật liệu Xây dựng Đồng Nai,781,5
358,DDG,CTCP Đầu tư Công nghiệp Xuất nhập khẩu Đông Dương,4675,2
359,DDH,CTCP Đảm bảo Giao thông Đường thủy Hải Phòng,4325,5
360,DDM,CTCP Hàng Hải Đông Đô,1212,5
361,DDN,CTCP Dược và Thiết bị Y tế Đà Nẵng,1780,5
362,DDV,CTCP DAP - VINACHEM,3769,5
363,DFC,CTCP Xích líp Đông Anh,3346,5
364,DFF,CTCP Tập đoàn Đua Fat,4869,5
365,DFS,CTCP Chế biến Xuất nhập khẩu Nông sản Thực phẩm Đồng Nai,4185,5
366,DGC,CTCP Tập đoàn Hóa chất Đức Giang,2374,1
367,DGL,CTCP Hóa chất Đức Giang - Lào Cai,3354,2
368,DGT,CTCP Công trình Giao thông Đồng Nai,2140,5
369,DGW,CTCP Thế Giới Số,4086,1
370,DHA,CTCP Hóa An,666,1
371,DHB,CTCP Phân đạm và Hóa chất Hà Bắc,4169,5
372,DHC,CTCP Đông Hải Bến Tre,1800,1
373,DHD,CTCP Dược Vật tư Y tế Hải Dương,2467,5
374,DHG,CTCP Dược Hậu Giang,822,1
375,DHM,CTCP Thương mại và Khai thác Khoáng sản Dương Hiếu,3250,1
376,DHN,CTCP Dược phẩm Hà Nội,1656,5
377,DHP,CTCP Điện cơ Hải Phòng,3307,2
378,DHT,CTCP Dược phẩm Hà Tây,1395,2
379,DIC,CTCP Đầu tư và Thương mại DIC,787,5
380,DID,CTCP DIC - Đồng Tiến,1982,5
381,DIG,Tổng Công ty cổ phần Đầu tư Phát triển Xây dựng,1554,1
382,DIH,CTCP Đầu tư Phát triển Xây dựng - Hội An,1751,2
383,DKC,CTCP Chợ Lạng Sơn,3018,5
384,DKH,Trung tâm Đăng kiểm phương tiện Giao thông Thủy bộ,4797,5
385,DKP,CTCP Dược Khoa,4707,5
386,DL1,CTCP Tập đoàn Alpha Seven,2075,2
387,DLC,CTCP Du Lịch Cần Thơ,2149,5
388,DLD,CTCP Du lịch Đắk Lắk,2691,5
389,DLG,CTCP Tập đoàn Đức Long Gia Lai,1551,1
390,DLM,CTCP Chiếu sáng công cộng Đà Nẵng,4927,5
391,DLR,CTCP Địa ốc Đà Lạt,2133,5
392,DLT,CTCP Du lịch và Thương mại - Vinacomin,2332,5
393,DM7,CTCP Dệt May 7,4710,5
394,DMC,CTCP Xuất nhập khẩu Y Tế Domesco,788,1
395,DMN,CTCP Domenal,2880,5
396,DNA,CTCP Điện Nước An Giang,4573,5
397,DNB,CTCP Sách và Thiết bị trường học tỉnh Đắk Nông,4743,5
398,DNC,CTCP Điện Nước Lắp máy Hải Phòng,1962,2
399,DND,CTCP Đầu tư Xây dựng và Vật liệu Đồng Nai,2012,5
400,DNE,CTCP Môi trường Đô thị Đà Nẵng,4476,5
401,DNF,CTCP Lương Thực Đà Nẵng,1694,5
402,DNH,CTCP Thủy điện Đa Nhim - Hàm Thuận - Đa Mi,4516,5
403,DNL,CTCP Logistics Cảng Đà Nẵng,2940,5
404,DNM,Tổng Công ty cổ phần Y tế DANAMECO,2159,2
405,DNN,CTCP Cấp nước Đà Nẵng,4525,5
406,DNP,CTCP DNP Holding,789,2
407,DNR,CTCP Đường sắt Quảng Nam - Đà Nẵng,4300,5
408,DNS,CTCP Thép Đà Nẵng,2537,5
409,DNT,CTCP Du lịch Đồng Nai,1649,5
410,DNW,CTCP Cấp nước Đồng Nai,3853,5
411,DNY,CTCP Thép DANA - Ý,2546,5
412,DOC,CTCP Vật tư Nông Nghiệp Đồng Nai,3075,5
413,DOP,CTCP Vận tải Xăng dầu Đồng Tháp,2845,5
414,DP1,CTCP Dược phẩm Trung ương CPC1,4117,5
415,DP2,CTCP Dược phẩm Trung ương 2,4496,5
416,DP3,CTCP Dược phẩm Trung ương 3,2124,2
417,DPC,CTCP Nhựa Đà Nẵng,45,2
418,DPD,CTCP Cao su Đồng Phú - Đắk Nông,4854,5
419,DPG,CTCP Tập đoàn Đạt Phương,2364,1
420,DPH,CTCP Dược phẩm Hải Phòng,2871,5
421,DPM,Tổng Công ty Phân bón và Hóa chất Dầu khí - CTCP,994,1
422,DPP,CTCP Dược Đồng Nai,1661,5
423,DPR,CTCP Cao su Đồng Phú,1013,1
424,DPS,CTCP Đầu tư Phát triển Sóc Sơn,4019,5
425,DQC,CTCP Bóng đèn Điện Quang,1059,1
426,DRC,CTCP Cao su Đà Nẵng,790,1
427,DRG,CTCP Cao su Đắk Lắk,4775,5
428,DRH,CTCP DRH Holdings,2613,1
429,DRI,CTCP Đầu tư Cao su Đắk Lắk,4500,5
430,DRL,CTCP Thủy điện - Điện Lực 3,2825,1
431,DS3,CTCP Quản lý Đường sông Số 3,4517,2
432,DSC,CTCP Chứng khoán DSC,1328,5
433,DSD,CTCP DHC Suối Đôi,4899,5
434,DSG,CTCP Kính Đáp Cầu,1691,5
435,DSN,CTCP Công viên nước Đầm Sen,2346,1
436,DSP,CTCP Dịch vụ Du lịch Phú Thọ,4216,5
437,DSS,CTCP Đường sắt Sài Gòn,4492,5
438,DST,CTCP Đầu tư Sao Thăng Long,1033,2
439,DSV,CTCP Đường sắt Vĩnh Phú,4408,5
440,DT4,CTCP Quản Lý Đường Sông Số 4,4302,5
441,DTA,CTCP Đệ Tam,2617,1
442,DTB,CTCP Công trình Đô thị Bảo Lộc,4751,5
443,DTC,CTCP Viglacera Đông Triều,907,2
444,DTD,CTCP Đầu tư Phát triển Thành Đạt,4584,2
445,DTE,CTCP Đầu tư Năng lượng Đại Trường Thành Holdings,4850,5
446,DTG,CTCP Dược phẩm Tipharco,2116,5
447,DTH,CTCP Dược Vật tư Y Tế Thanh Hóa,1653,5
448,DTI,CTCP Đầu tư Đức Trung,4632,5
449,DTK,Tổng Công ty Điện lực TKV - CTCP,4018,2
450,DTL,CTCP Đại Thiên Lộc,2435,1
451,DTN,CTCP Diêm Thống Nhất,2243,5
452,DTP,CTCP Dược phẩm CPC1 Hà Nội,4816,5
453,DTT,CTCP Kỹ nghệ Đô Thành,791,1
454,DTV,CTCP Phát triển Điện Trà Vinh,2538,5
455,DUS,CTCP Dịch vụ Đô thị Đà Lạt,4783,5
456,DVC,CTCP Thương mại Dịch vụ Tổng hợp Cảng Hải Phòng,1730,5
457,DVG,CTCP Tập đoàn Sơn Đại Việt,4851,2
458,DVH,CTCP Chế tạo Máy điện Việt Nam - Hungari,2678,5
459,DVM,CTCP Dược liệu Việt Nam,4903,2
460,DVN,Tổng Công ty Dược Việt Nam - CTCP,4322,5
461,DVP,CTCP Đầu tư và Phát triển Cảng Đình Vũ,1505,1
462,DVW,CTCP Dịch vụ và Xây dựng Cấp nước Đồng Nai,4681,5
463,DWC,CTCP Cấp nước Đắk Lắk,4886,5
464,DWS,CTCP Cấp nước và Môi trường đô thị Đồng Tháp,4441,5
465,DX2,CTCP Đầu tư và Xây dựng 319.2,4693,5
466,DXD,CTCP Đầu tư và Phát triển Xây lắp Đông Anh,4800,5
467,DXG,CTCP Tập đoàn Đất Xanh,1914,1
468,DXL,CTCP Du Lịch và Xuất nhập khẩu Lạng Sơn,2610,5
469,DXP,CTCP Cảng Đoạn Xá,792,2
470,DXS,CTCP Dịch vụ Bất động sản Đất Xanh,4868,1
471,DXV,CTCP VICEM Vật liệu Xây dựng Đà Nẵng,1116,1
472,DZM,CTCP Cơ điện Dzĩ An,1763,2
473,E12,CTCP Xây dựng Điện VNECO12,3232,5
474,E1SSHN30,Quỹ ETF SSIAM HNX30,3827,2
475,E1VFVN30,Quỹ ETF DCVFMVN30,3747,1
476,E29,CTCP Đầu tư Xây dựng và Kỹ thuật 29,4766,5
477,EAD,CTCP Thủy điện Điện lực Đắk Lắk,3712,5
478,EBA,CTCP Điện Bắc Nà,4764,2
479,EBS,CTCP Sách Giáo dục tại Thành phố Hà Nội,908,2
480,ECI,CTCP Tập Đoàn ECI,1785,2
481,EFI,CTCP Đầu tư Tài chính Giáo dục,1829,5
482,EIB,Ngân hàng TMCP Xuất nhập khẩu Việt Nam,1171,1
483,EIC,CTCP EVN Quốc tế,2952,5
484,EID,CTCP Đầu tư và Phát triển Giáo dục Hà Nội,1804,2
485,EIN,CTCP Đầu tư - Thương mại - Dịch vụ Điện Lực,3252,5
486,ELC,CTCP Công Nghệ - Viễn Thông Elcom,2623,1
487,EMC,CTCP Cơ điện Thủ Đức,2028,1
488,EME,CTCP Điện cơ,2750,5
489,EMG,CTCP Thiết bị Phụ Tùng Cơ Điện,2862,5
490,EMS,Tổng Công ty Chuyển phát nhanh Bưu Điện - CTCP,3708,5
491,EPC,CTCP Cà phê Ea Pốk,4705,5
492,EPH,CTCP Dịch vụ Xuất bản Giáo dục Hà Nội,3126,5
493,EVE,CTCP Everpia,2647,1
494,EVF,Công ty Tài chính Cổ phần Điện lực,2445,1
495,EVG,CTCP Tập đoàn EverLand,4480,1
496,EVS,CTCP Chứng khoán Everest,1349,2
497,FBA,CTCP Tập đoàn Quốc tế FBA,1744,5
498,FBC,CTCP Cơ khí Phổ Yên,4574,5
499,FCC,CTCP Liên hợp Thực phẩm,4131,5
500,FCM,CTCP Khoáng sản FECON,3570,1
501,FCN,CTCP FECON,3109,1
502,FCS,CTCP Lương thực Thành phố Hồ Chí Minh,4340,5
503,FDC,CTCP Ngoại thương và  Phát triển Đầu tư Thành phố Hồ Chí Minh,97,1
504,FDG,CTCP Docimexco,2356,5
505,FDT,CTCP FIDITOUR,1758,2
506,FGL,CTCP Cà phê Gia Lai,4701,5
507,FHN,CTCP Xuất nhập khẩu Lương thực Thực phẩm Hà Nội,2390,5
508,FHS,CTCP Phát hành Sách Thành phố Hồ Chí Minh,2281,5
509,FIC,Tổng Công ty Vật liệu Xây dựng số 1 - CTCP,4358,5
510,FID,CTCP Đầu tư và Phát triển Doanh nghiệp Việt Nam,3897,2
511,FIR,CTCP Địa ốc First Real,4692,1
512,FIT,CTCP Tập đoàn F.I.T,3564,1
513,FLC,CTCP Tập đoàn FLC,2652,5
514,FMC,CTCP Thực phẩm Sao Ta,793,1
515,FOC,CTCP Dịch vụ Trực tuyến FPT,2412,5
516,FOX,CTCP Viễn thông FPT,2371,5
517,FPT,CTCP FPT,191,1
518,FRC,CTCP Lâm đặc sản Xuất khẩu Quảng Nam,1693,5
519,FRM,CTCP Lâm Nghiệp Sài Gòn,4196,5
520,FRT,CTCP Bán lẻ Kỹ thuật số FPT,4668,1
521,FSC,CTCP Chứng khoán Yuanta Việt Nam,31,5
522,FSO,CTCP Cơ khí đóng tàu Thủy sản Việt Nam,1302,5
523,FT1,CTCP Phụ tùng Máy số 1,4559,5
524,FTI,CTCP Công nghiệp - Thương mại Hữu Nghị,4579,5
525,FTM,CTCP Đầu tư và Phát triển Đức Quân,4050,5
526,FTS,CTCP Chứng khoán FPT,1178,1
527,FUCTVGF1,Quỹ đầu tư Tăng trưởng TVAM,4429,1
528,FUCTVGF2,Quỹ Đầu tư tăng trưởng Thiên Việt 2,4703,1
529,FUCTVGF3,Quỹ Đầu Tư Tăng Trưởng Thiên Việt 3,4881,1
530,FUCTVGF4,Chứng chỉ Quỹ Đầu Tư Tăng Trưởng Thiên Việt 4,4914,1
531,FUCVREIT,Quỹ đầu tư Bất động sản Techcom Việt Nam,4362,1
532,FUEDCMID,Chứng chỉ Quỹ ETF DCVFMVNMIDCAP,4915,1
533,FUEIP100,Chứng chỉ Quỹ ETF IPAAM VN100,4879,1
534,FUEKIV30,Chứng chỉ Quỹ ETF KIM GROWTH VN30,4888,1
535,FUEKIVFS,Chứng chỉ Quỹ ETF Kim Growth VNFINSELECT,4919,1
536,FUEMAV30,Quỹ ETF MAFM VN30,4841,1
537,FUEMAVND,Chứng chỉ Quỹ ETF MAFM VNDIAMOND,4929,1
538,FUESSV30,Quỹ ETF SSIAM VN30,4833,1
539,FUESSV50,Quỹ ETF SSIAM VNX50,4581,1
540,FUESSVFL,Quỹ ETF SSIAM VNFIN LEAD,4798,1
541,FUEVFVND,Quỹ ETF DCVFMVN DIAMOND,4802,1
542,FUEVN100,Quỹ ETF VINACAPITALVN100,4831,1
543,G20,CTCP Đầu tư Dệt may Vĩnh Phúc,3987,5
544,G36,Tổng Công ty 36 - CTCP,4280,5
545,GAB,CTCP Đầu tư Khai Khoáng và Quản lý Tài sản FLC,4749,1
546,GAS,Tổng Công ty Khí Việt Nam - CTCP,2728,1
547,GCB,CTCP Petec Bình Định,2260,5
548,GCF,CTCP Thực phẩm G.C,4923,5
549,GDT,CTCP Chế biến Gỗ Đức Thành,1837,1
550,GDW,CTCP Cấp nước Gia Định,1240,2
551,GE2,Tổng Công ty Phát điện 2 - CTCP,4804,5
552,GEE,CTCP Điện lực Gelex,4896,5
553,GEG,CTCP Điện Gia Lai,3025,1
554,GER,CTCP Thể thao Ngôi sao Geru,2261,5
555,GEX,CTCP Tập đoàn GELEX,3086,1
556,GGG,CTCP Ô tô Giải Phóng,1844,5
557,GGS,CTCP Giống gia súc Hà Nội,4130,5
558,GH3,CTCP Công trình Giao thông Hà Nội,4115,5
559,GHC,CTCP Thủy điện Gia Lai,2737,5
560,GIC,CTCP Đầu tư Dịch vụ và Phát triển Xanh,4838,2
561,GIL,CTCP Sản xuất Kinh doanh và Xuất nhập khẩu Bình Thạnh,43,1
562,GKM,CTCP Khang Minh Group,4353,2
563,GLC,CTCP Vàng Lào Cai,4721,5
564,GLT,CTCP Kỹ thuật Điện Toàn cầu,1268,2
565,GLW,CTCP Cấp thoát nước Gia Lai,4350,5
566,GMA,CTCP G-Automobile,4839,2
567,GMC,CTCP Garmex Sài Gòn,795,1
568,GMD,CTCP Gemadept,37,1
569,GMH,CTCP Minh Hưng Quảng Trị,4892,1
570,GMX,CTCP Gạch ngói Gốm Xây dựng Mỹ Xuân,2189,2
571,GND,CTCP Gạch ngói Đồng Nai,2255,5
572,GPC,CTCP Tập đoàn Green+,4928,5
573,GQN,Trung tâm Giống Thủy sản Quảng Nam,4786,5
574,GSM,CTCP Thủy điện Hương Sơn,3886,5
575,GSP,CTCP Vận tải Sản Phẩm Khí Quốc tế,3012,1
576,GTA,CTCP Chế biến gỗ Thuận An,891,1
577,GTC,CTCP Trà Rồng Vàng,3891,5
578,GTD,CTCP Giầy Thượng Đình,4067,5
579,GTH,CTCP Xây dựng - Giao thông Thừa Thiên Huế,1859,5
580,GTK,CTCP Giầy Thụy Khê,3979,5
581,GTN,CTCP GTNFoods,3740,1
582,GTS,CTCP Công trình Giao thông Sài Gòn,4238,5
583,GTT,CTCP Thuận Thảo,2629,5
584,GVR,Tập đoàn Công nghiệp Cao su Việt Nam - CTCP,4645,1
585,GVT,CTCP Giấy Việt Trì,2832,5
586,H11,CTCP Xây dựng HUD101,2744,5
587,HAB,CTCP Sách và Thiết bị Trường học Hà Nội,4628,5
588,HAC,CTCP Chứng khoán Hải Phòng,916,5
589,HAD,CTCP Bia Hà Nội - Hải Dương,1839,2
590,HAF,CTCP Thực phẩm Hà Nội,3884,5
591,HAG,CTCP Hoàng Anh Gia Lai,1448,1
592,HAH,CTCP Vận tải và Xếp dỡ Hải An,3826,1
593,HAI,CTCP Nông dược H.A.I,910,1
594,HAM,CTCP Vật tư Hậu Giang,2065,5
595,HAN,Tổng Công ty Xây dựng Hà Nội - CTCP,3669,5
596,HAP,CTCP Tập đoàn Hapaco,24,1
597,HAR,CTCP Đầu tư Thương mại Bất động sản An Dương Thảo Điền,3329,1
598,HAS,CTCP Hacisco,665,1
599,HAT,CTCP Thương mại Bia Hà Nội,2449,2
600,HAV,CTCP Rượu Hapro,4607,5
601,HAW,Trung tâm Nước sạch và Vệ sinh môi trường nông thôn,4821,5
602,HAX,CTCP Dịch vụ Ô tô Hàng Xanh,796,1
603,HBC,CTCP Tập đoàn Xây dựng Hòa Bình,797,1
604,HBD,CTCP Bao Bì PP Bình Dương,798,5
605,HBE,CTCP Sách thiết bị Trường học Hà Tĩnh,1080,2
606,HBH,CTCP Habeco - Hải Phòng,3733,5
607,HBI,CTCP HBI,4283,5
608,HBS,CTCP Chứng khoán Hòa Bình,1342,2
609,HBW,CTCP Nước sạch Hòa Bình,4655,5
610,HC1,CTCP Xây dựng Số 1 Hà Nội,1929,5
611,HC3,CTCP Xây dựng Số 3 Hải Phòng,2025,5
612,HCB,CTCP Dệt may 29/3,1895,5
613,HCC,CTCP Bê tông Hòa Cầm - Intimex,1035,2
614,HCD,CTCP Đầu tư Sản xuất và Thương mại HCD,4299,1
615,HCI,CTCP Đầu tư Xây dựng Hà Nội ,2179,5
616,HCM,CTCP Chứng khoán Thành phố Hồ Chí Minh,684,1
617,HCS,CTCP Thông tin Tín hiệu Đường sắt Hà Nội,4491,5
618,HCT,CTCP Thương mại Dịch vụ Vận tải Xi măng Hải Phòng,1065,2
619,HD2,CTCP Đầu tư Phát triển Nhà HUD2,2921,5
620,HD3,CTCP Đầu tư phát triển Nhà và Đô thị MHDI3,4741,5
621,HD6,CTCP Đầu tư và Phát triển Nhà Số 6 Hà Nội,1920,5
622,HD8,CTCP Đầu tư Phát triển Nhà và Đô thị HUD8,4730,5
623,HDA,CTCP Hãng sơn Đông Á,2641,2
624,HDB,Ngân hàng TMCP Phát triển TP. HCM,1195,1
625,HDC,CTCP Phát triển Nhà Bà Rịa - Vũng Tàu,951,1
626,HDG,CTCP Tập đoàn Hà Đô,1511,1
627,HDM,CTCP Dệt may Huế,2316,5
628,HDO,CTCP Hưng Đạo Container,1836,5
629,HDP,CTCP Dược Hà Tĩnh,2460,5
630,HDW,CTCP Kinh doanh Nước sạch Hải Dương,4236,5
631,HEC,CTCP Tư vấn Xây dựng Thủy Lợi II,2754,5
632,HEJ,Tổng Công ty Tư vấn Xây dựng Thủy lợi Việt Nam - CTCP,4523,5
633,HEM,CTCP Chế tạo Điện Cơ Hà Nội,2911,5
634,HEP,CTCP Môi trường và Công trình Đô thị Huế,4615,5
635,HES,CTCP Dịch vụ Giải trí Hà Nội,1666,5
636,HEV,CTCP Sách Đại học - Dạy nghề,1042,2
637,HFB,CTCP Công trình Cầu phà Thành phố Hồ Chí Minh,4237,5
638,HFC,CTCP Xăng dầu HFC,2022,5
639,HFS,CTCP Thương mại Dịch vụ Thời trang Hà Nội,3883,5
640,HFT,CTCP Chứng khoán Pinetree,1346,5
641,HFX,CTCP Sản xuất - Xuất nhập khẩu Thanh Hà,2663,5
642,HGA,Trung tâm Giống Nông nghiệp tỉnh Hậu Giang,4790,5
643,HGC,Trung tâm Quy hoạch - Kiến trúc tỉnh Hậu Giang,4795,5
644,HGM,CTCP Cơ khí và Khoáng sản Hà Giang,1861,2
645,HGR,CTCP Tài nguyên và Môi trường Hậu Giang,4820,5
646,HGT,CTCP Du lịch Hương Giang,2852,5
647,HGW,CTCP Cấp thoát nước - Công trình Đô thị Hậu Giang,4436,5
648,HHA,CTCP Văn phòng phẩm Hồng Hà,2242,5
649,HHC,CTCP Bánh kẹo Hải Hà ,1056,2
650,HHG,CTCP Hoàng Hà,2640,2
651,HHN,CTCP Vận tải và Dịch vụ Hàng hóa Hà Nội,4414,5
652,HHP,CTCP Giấy Hoàng Hà Hải Phòng,4686,1
653,HHR,CTCP Đường sắt Hà Hải,4458,5
654,HHS,CTCP Đầu tư Dịch vụ Hoàng Huy,2951,1
655,HHV,CTCP Đầu tư Hạ tầng Giao thông Đèo Cả,4207,1
656,HID,CTCP Halcom Việt Nam,4344,1
657,HIG,CTCP Tập đoàn HIPT,1778,5
658,HII,CTCP An Tiến Industries,4471,1
659,HIZ,CTCP Khu Công nghiệp Hố Nai,3331,5
660,HJC,CTCP Hòa Việt,2193,5
661,HJS,CTCP Thủy điện Nậm Mu,911,2
662,HKB,CTCP Nông nghiệp và Thực phẩm Hà Nội - Kinh Bắc,4009,5
663,HKC,CTCP Dệt kim Hà Nội,1663,5
664,HKP,CTCP Bao bì Hà Tiên,2016,5
665,HKT,CTCP Đầu tư Ego Việt Nam,4092,2
666,HLA,CTCP Hữu Liên Á Châu,1424,5
667,HLB,CTCP Bia và Nước giải khát Hạ Long,2248,5
668,HLC,CTCP Than Hà Lầm - Vinacomin,1532,2
669,HLD,CTCP Đầu tư và Phát triển Bất động sản HUDLAND,3321,2
670,HLE,CTCP Điện Chiếu sáng Hải Phòng,4592,5
671,HLG,CTCP Tập đoàn Hoàng Long,1508,5
672,HLR,CTCP Đường sắt Hà Lạng,4304,5
673,HLS,CTCP Sứ Kỹ thuật Hoàng Liên Sơn,3237,5
674,HLT,CTCP Dệt may Hoàng Thị Loan,2234,5
675,HLY,CTCP Gốm Xây Dựng Yên Hưng,912,5
676,HMC,CTCP Kim khí Thành phố Hồ Chí Minh - VNSTEEL,799,1
677,HMG,CTCP Kim khí Hà Nội - VNSTEEL,1682,5
678,HMH,CTCP Hải Minh,2477,2
679,HMR,CTCP Đá Hoàng Mai,4890,2
680,HMS,CTCP Xây dựng Bảo tàng Hồ Chí Minh,2258,5
681,HNA,CTCP Thủy điện Hủa Na,4567,5
682,HNB,CTCP Bến xe Hà Nội,3653,5
683,HND,CTCP Nhiệt điện Hải Phòng,3710,5
684,HNE,CTCP Hanel,4281,5
685,HNF,CTCP Thực phẩm Hữu Nghị,2285,5
686,HNG,CTCP Nông nghiệp Quốc tế Hoàng Anh Gia Lai,4100,1
687,HNI,CTCP May Hữu Nghị,2997,5
688,HNM,CTCP Sữa Hà Nội,915,5
689,HNP,CTCP Hanel Xốp nhựa,1598,5
690,HNR,CTCP Rượu và Nước giải khát Hà Nội,2257,5
691,HNT,CTCP Xe điện Hà Nội,3996,5
692,HNX30,HNX30-I,5,5
693,HNXINDEX,HNX-I,2,2
694,HOM,CTCP Xi măng VICEM Hoàng Mai,1389,2
695,HOT,CTCP Du lịch Dịch vụ Hội An,1288,1
696,HPB,CTCP Bao bì PP,2082,5
697,HPD,CTCP Thủy điện ĐăK Đoa,4094,5
698,HPG,CTCP Tập đoàn Hòa Phát,997,1
699,HPH,CTCP Hóa Chất Hưng Phát Hà Bắc,3138,5
700,HPI,CTCP Khu công nghiệp Hiệp Phước,2620,5
701,HPM,CTCP Xây dựng Thương mại và Khoáng Sản Hoàng Phúc,4168,5
702,HPP,CTCP Sơn Hải Phòng,2377,5
703,HPS,CTCP Đá Xây Dựng Hòa Phát,917,2
704,HPT,CTCP Dịch vụ Công nghệ Tin học HPT,1664,5
705,HPU,CTCP 28 Hưng Phú,4643,5
706,HPW,CTCP Cấp nước Hải Phòng,3926,5
707,HPX,CTCP Đầu tư Hải Phát,4682,1
708,HQC,CTCP Tư vấn Thương mại Dịch vụ Địa Ốc Hoàng Quân,2706,1
709,HRB,CTCP Harec Đầu tư và Thương mại,4587,5
710,HRC,CTCP Cao su Hòa Bình,800,1
711,HRG,CTCP Cao su Hà Nội,4075,5
712,HRT,CTCP Vận tải Đường sắt Hà Nội,4191,5
713,HSA,CTCP Hestia,4435,5
714,HSG,CTCP Tập đoàn Hoa Sen,1308,1
715,HSI,CTCP Vật tư Tổng hợp và Phân bón Hóa Sinh,1023,5
716,HSL,CTCP Đầu tư Phát triển Thực phẩm Hồng Hà,4672,1
717,HSM,Tổng Công ty cổ phần Dệt may Hà Nội,2444,5
718,HSP,CTCP Sơn Tổng hợp Hà Nội,2020,5
719,HST,CTCP Phát hành sách và Thiết bị Trường học Hưng Yên,1904,2
720,HSV,CTCP Tập đoàn HSV Việt Nam,4860,5
721,HT1,CTCP Xi Măng Vicem Hà Tiên,1000,1
722,HTC,CTCP Thương mại Hóc Môn,1397,2
723,HTE,CTCP Đầu tư Kinh doanh Điện lực Thành phố Hồ Chí Minh,2434,5
724,HTG,Tổng Công ty cổ phần Dệt may Hòa Thọ,2330,5
725,HTH,CTCP Hoa tiêu hàng hải - TKV,4872,5
726,HTI,CTCP Đầu tư Phát triển Hạ tầng IDICO,2676,1
727,HTK,CTCP Đăng kiểm xe cơ giới Hải Dương,4700,5
728,HTL,CTCP Kỹ thuật và Ô tô Trường Long,2609,1
729,HTM,Tổng Công ty Thương mại Hà Nội - CTCP,4659,5
730,HTN,CTCP Hưng Thịnh Incons,4691,1
731,HTP,CTCP In Sách Giáo khoa Hòa Phát,919,2
732,HTR,CTCP Đường sắt Hà Thái,4462,5
733,HTT,CTCP Thương mại Hà Tây,4420,5
734,HTU,CTCP Môi trường và Công trình đô thị Hà Tĩnh ,3773,5
735,HTV,CTCP Logistics Vicem,74,1
736,HTW,CTCP Cấp nước Hà Tĩnh,3896,5
737,HU1,CTCP Đầu tư và Xây dựng HUD1,2111,1
738,HU3,CTCP Đầu tư và Xây dựng HUD3,2043,1
739,HU4,CTCP Đầu tư và Xây dựng HUD4,2187,5
740,HU6,CTCP Đầu tư Phát triển Nhà và Đô thị HUD6,2634,5
741,HUB,CTCP Xây lắp Thừa Thiên Huế,3108,1
742,HUG,Tổng Công ty May Hưng Yên - CTCP,2267,5
743,HUT,CTCP Tasco,1132,2
744,HUX,CTCP Khoáng sản Thừa Thiên Huế,4330,5
745,HVA,CTCP Đầu tư HVA,4016,5
746,HVG,CTCP Hùng Vương,1857,5
747,HVH,CTCP Đầu tư và Công nghệ HVC,4697,1
748,HVN,Tổng Công ty Hàng không Việt Nam - CTCP,3738,1
749,HVT,CTCP Hóa chất Việt Trì,1556,2
750,HVX,CTCP Xi măng VICEM Hải Vân,2519,1
751,HWS,CTCP Cấp nước Thừa Thiên Huế,4401,5
752,I10,CTCP Đầu tư Xây dựng Số 10 IDICO,4295,5
753,IBC,CTCP Đầu tư Apax Holdings,4311,1
754,IBD,CTCP In Tổng hợp Bình Dương,4733,5
755,IBN,Công ty TNHH MTV In báo Nghệ An,4862,5
756,ICC,CTCP Xây dựng Công nghiệp (ICC),4225,5
757,ICF,CTCP Đầu tư Thương mại Thủy sản,920,5
758,ICG,CTCP Xây dựng Sông Hồng,1543,2
759,ICI,CTCP Đầu tư và Xây dựng Công nghiệp,1771,5
760,ICN,CTCP Đầu tư Xây dựng Dầu khí IDICO,2115,5
761,ICT,CTCP Viễn thông - Tin học Bưu điện,2411,1
762,IDC,Tổng Công ty IDICO – CTCP,4552,2
763,IDI,CTCP Đầu tư và Phát triển Đa Quốc Gia - IDI,2662,1
764,IDJ,CTCP Đầu tư IDJ Việt Nam,2066,2
765,IDN,CTCP In và Dịch vụ Đà Nẵng,2532,5
766,IDP,CTCP Sữa Quốc tế,4852,5
767,IDV,CTCP Phát triển Hạ tầng Vĩnh Phúc,2006,2
768,IFC,CTCP Thực phẩm Công nghệ Sài Gòn,2108,5
769,IFS,CTCP Thực phẩm Quốc tế,780,5
770,IHK,CTCP In Hàng Không,2270,5
771,IJC,CTCP Phát triển Hạ tầng Kỹ thuật,1705,1
772,IKH,CTCP In Khoa học Kỹ thuật,3326,5
773,ILA,CTCP ILA,4600,5
774,ILB,CTCP ICD Tân Cảng - Long Bình,3064,1
775,ILC,CTCP Hợp tác Lao động với nước ngoài,921,5
776,ILS,CTCP Đầu tư Thương mại và Dịch vụ Quốc tế,4306,5
777,IME,CTCP Cơ khí và Xây lắp Công nghiệp,1893,5
778,IMP,CTCP Dược phẩm Imexpharm,801,1
779,IN4,CTCP In Số 4,1252,5
780,INC,CTCP Tư vấn Đầu tư IDICO,1740,2
781,INN,CTCP Bao bì và In Nông nghiệp,1885,2
782,IPA,CTCP Tập đoàn Đầu tư I.P.A,2392,2
783,IPH,CTCP In và Phát hành biểu mẫu Thống kê,4745,5
784,IRC,CTCP Cao su Công nghiệp,4591,5
785,ISG,CTCP Vận tải biển và Hợp tác Lao động Quốc tế,2430,5
786,ISH,CTCP Thủy điện Srok Phu Miêng IDICO,1736,5
787,IST,CTCP ICD Tân Cảng Sóng Thần,4411,5
788,ITA,CTCP Đầu tư và Công nghiệp Tân Tạo,802,1
789,ITC,CTCP Đầu tư và Kinh doanh Nhà,1355,1
790,ITD,CTCP Công nghệ Tiên Phong,1631,1
791,ITQ,CTCP Tập đoàn Thiên Quang,3006,2
792,ITS,CTCP Đầu tư Thương mại và Dịch vụ - Vinacomin,2303,5
793,IVS,CTCP Chứng khoán Guotai Junan (Việt Nam),1202,2
794,JOS,CTCP Chế biến Thủy sản xuất khẩu Minh Hải,1304,5
795,JSC,CTCP ĐT &amp; XD Cầu Đường Hà Nội,2568,5
796,JVC,CTCP Thiết bị Y tế Việt Nhật,2757,1
797,KAC,CTCP Đầu tư Địa ốc Khang An,2660,5
798,KBC,Tổng Công ty Phát triển Đô thị Kinh Bắc - CTCP,1066,1
799,KBE,CTCP Sách Thiết bị Trường học Kiên Giang,2475,5
800,KCB,CTCP khoáng Sản và Luyện Kim Cao Bằng,3168,5
801,KCE,CTCP Bê tông Ly tâm Điện Lực Khánh Hòa,2730,5
802,KDC,CTCP Tập đoàn KIDO,753,1
803,KDF,CTCP Thực phẩm Đông lạnh KIDO,4561,5
804,KDH,CTCP Đầu tư và Kinh doanh Nhà Khang Điền,1905,1
805,KDM,CTCP Tập Đoàn GCL,4173,2
806,KGM,CTCP Xuất nhập khẩu Kiên Giang,4307,5
807,KGU,CTCP Phát triển Đô thị Kiên Giang,3097,5
808,KHA,CTCP Đầu tư và Dịch vụ Khánh Hội,607,5
809,KHB,CTCP Khoáng sản Hòa Bình,2544,5
810,KHD,CTCP Khai thác Chế biến Khoáng sản Hải Dương,3617,5
811,KHG,CTCP Tập đoàn Khải Hoàn Land,4871,1
812,KHL,CTCP Khoáng Sản Và Vật Liệu Xây Dựng Hưng Long,2876,5
813,KHP,CTCP Điện lực Khánh Hòa,803,1
814,KHS,CTCP Kiên Hùng,2772,2
815,KHW,CTCP Cấp thoát nước Khánh Hòa,4459,5
816,KIP,CTCP K.I.P Việt Nam,1681,5
817,KKC,CTCP Tập Đoàn Thành Thái,1235,2
818,KLB,Ngân hàng TMCP Kiên Long,1223,5
819,KLF,CTCP Đầu tư Thương mại và Xuất nhập khẩu CFS,3573,2
820,KLM,CTCP Kim loại màu Nghệ Tĩnh,2526,5
821,KLS,CTCP Chứng Khoán Kim Long,1041,2
822,KMR,CTCP Mirae,1159,1
823,KMT,CTCP Kim khí Miền Trung,1683,2
824,KOS,CTCP KOSY,4572,1
825,KPF,CTCP Đầu tư tài sản Koji,4028,1
826,KSA,CTCP Công nghiệp khoáng sản Bình Thuận ,2630,1
827,KSB,CTCP Khoáng sản và Xây dựng Bình Dương,1891,1
828,KSC,CTCP Muối Khánh Hòa,1915,5
829,KSD,CTCP Đầu tư DNA,2598,2
830,KSE,CTCP Xuất khẩu Thủy sản Khánh Hòa,4534,5
831,KSF,CTCP Tập đoàn KSFinance,4878,2
832,KSH,CTCP DAMAC GLS,1437,5
833,KSK,CTCP Khoáng sản Luyện kim màu,3306,5
834,KSQ,CTCP CNC Capital Việt Nam,3565,2
835,KSS,CTCP Khoáng Sản Na Rì Hamico,1910,5
836,KST,CTCP KASATI,2319,2
837,KSV,Tổng Công ty Khoáng sản TKV - CTCP,4051,2
838,KTB,CTCP Đầu tư Khoáng sản Tây Bắc,2692,5
839,KTC,CTCP Thương mại Kiên Giang,4409,5
840,KTL,CTCP Kim Khí Thăng Long,2999,5
841,KTS,CTCP Đường Kon Tum,2729,2
842,KTT,CTCP Tập đoàn Đầu tư KTT,2669,2
843,KTU,CTCP Môi trường Đô thị Kon Tum,4637,5
844,KVC,CTCP Sản xuất Xuất nhập khẩu Inox Kim Vĩ,4006,2
845,L10,CTCP Lilama 10,1024,1
846,L12,CTCP Licogi 12,2184,5
847,L14,CTCP Licogi 14,2404,2
848,L18,CTCP Đầu tư và Xây dựng Số 18,1133,2
849,L35,CTCP Cơ khí Lắp máy Lilama,1884,2
850,L40,CTCP Đầu Tư và Xây dựng 40,2734,2
851,L43,CTCP Lilama 45.3,1153,2
852,L44,CTCP Lilama 45.4,1886,5
853,L45,CTCP Lilama 45.1,2387,5
854,L61,CTCP Lilama 69-1,1440,2
855,L62,CTCP Lilama 69-2,1134,2
856,L63,CTCP Lilama 69-3,2328,5
857,LAF,CTCP Chế biến hàng Xuất khẩu Long An,25,1
858,LAI,CTCP Đầu Tư Xây dựng Long An IDICO,3077,5
859,LAS,CTCP Supe Phốt phát và Hóa chất Lâm Thao,2708,2
860,LAW,CTCP Cấp thoát nước Long An,3954,5
861,LBC,CTCP Thương mại - Đầu tư Long Biên,4540,5
862,LBE,CTCP Sách và Thiết bị Trường học Long An,1058,2
863,LBM,CTCP Khoáng sản và Vật liệu Xây dựng Lâm Đồng,804,1
864,LCC,CTCP Xi măng Hồng Phong,2548,5
865,LCD,CTCP Lắp máy - Thí nghiệm Cơ điện,2425,2
866,LCG,CTCP Lizen,1360,1
867,LCM,CTCP Khai thác và Chế biến khoáng sản Lào Cai,3024,5
868,LCS,CTCP Licogi 166,2134,2
869,LCW,CTCP Nước sạch Lai Châu,4096,5
870,LDG,CTCP Đầu tư LDG,4066,1
871,LDP,CTCP Dược Lâm Đồng (Ladophar),2001,2
872,LDW,CTCP Cấp thoát nước Lâm Đồng,4617,5
873,LEC,CTCP Bất động sản Điện lực Miền Trung,1618,1
874,LG9,CTCP Cơ giới và Xây lắp Số 9,4616,5
875,LGC,CTCP Đầu tư Cầu đường CII,805,1
876,LGL,CTCP Đầu tư và Phát triển Đô thị Long Giang,1831,1
877,LGM,CTCP Giày da và May mặc Xuất khẩu,1412,5
878,LHC,CTCP Đầu tư và Xây dựng Thủy lợi Lâm Đồng,1881,2
879,LHG,CTCP Long Hậu,1314,1
880,LIC,Tổng Công ty LICOGI - CTCP,4015,5
881,LIG,CTCP Licogi 13,2341,2
882,LIX,CTCP Bột Giặt Lix,1868,1
883,LKW,CTCP Cấp nước Long Khánh,1639,5
884,LLM,Tổng Công ty Lắp máy Việt Nam - CTCP,4182,5
885,LM3,CTCP Lilama 3,1521,5
886,LM7,CTCP Lilama 7,2456,2
887,LM8,CTCP Lilama 18,1509,1
888,LMC,CTCP Long Beach LMC,4554,5
889,LMH,CTCP Quốc Tế Holding,4677,5
890,LMI,CTCP Đầu tư Xây dựng Lắp máy IDICO,3089,5
891,LNC,CTCP Lệ Ninh,4507,5
892,LO5,CTCP Lilama 5,1865,5
893,LPB,Ngân hàng TMCP Bưu điện Liên Việt,1988,1
894,LPT,CTCP Thương mại và Sản xuất Lập Phương Thành,4858,5
895,LQN,CTCP Licogi Quảng Ngãi,3033,5
896,LSG,CTCP Bất động sản Sài Gòn Vina,2438,5
897,LSS,CTCP Mía Đường Lam Sơn,1036,1
898,LTC,CTCP Điện nhẹ Viễn Thông,922,5
899,LTG,CTCP Tập đoàn Lộc Trời,1257,5
900,LUT,CTCP Đầu tư Xây dựng Lương Tài,1057,2
901,LWS,CTCP Cấp nước Tỉnh Lào Cai,4619,5
902,LYF,CTCP Lương thực Lương Yên,4865,5
903,M10,Tổng Công ty May 10 - CTCP,2420,5
904,MA1,CTCP Thiết bị,3686,5
905,MAC,CTCP Cung ứng và Dịch vụ Kỹ thuật Hàng Hải,1903,2
906,MAS,CTCP Dịch vụ Hàng không Sân bay Đà Nẵng,1816,2
907,MBB,Ngân hàng TMCP Quân Đội,1190,1
908,MBG,CTCP Tập đoàn MBG,4054,2
909,MBN,CTCP Môi trường và Công trình đô thị Bắc Ninh,4704,5
910,MBS,CTCP Chứng khoán MB,30,2
911,MC3,CTCP Khoáng sản 3 - Vimico,3357,5
912,MCC,CTCP Gạch ngói Cao cấp,2300,2
913,MCF,CTCP Xây lắp Cơ khí và Lương thực Thực phẩm,2705,2
914,MCG,CTCP Năng lượng và Bất động sản MCG,1823,1
915,MCH,CTCP Hàng tiêu dùng Masan,1519,5
916,MCI,CTCP Đầu tư Xây dựng và Phát triển Vật liệu IDICO,2457,5
917,MCM,CTCP Giống Bò sữa Mộc Châu,4772,5
918,MCO,CTCP Đầu tư và Xây dựng BDC Việt Nam,1081,2
919,MCP,CTCP In và Bao bì Mỹ Châu,806,1
920,MCT,CTCP Kinh doanh Vật Tư và Xây dựng,2090,5
921,MDA,CTCP Môi trường Đô thị Đông Anh,4634,5
922,MDC,CTCP Than Mông Dương - Vinacomin,1801,2
923,MDF,CTCP Gỗ MDF VRG - Quảng Trị,1597,5
924,MDG,CTCP Miền Đông,2240,1
925,MDN,CTCP Tổng Công ty May Đồng Nai,1697,5
926,MDT,CTCP Cơ khí mỏ và Đóng tàu - TKV,4076,5
927,MEC,CTCP Cơ khí - Lắp máy Sông Đà,924,5
928,MED,CTCP Dược Trung ương Mediplantex,2365,2
929,MEF,CTCP MEINFA,1272,5
930,MEG,CTCP Megram,4228,5
931,MEL,CTCP Thép Mê Lin,4518,2
932,MES,CTCP Cơ điện Công trình,4157,5
933,MFS,CTCP Dịch vụ Kỹ thuật Mobifone,3874,5
934,MGC,CTCP Địa chất mỏ - TKV,4170,5
935,MGG,Tổng Công ty Đức Giang - CTCP,2233,5
936,MGR,CTCP Tập đoàn MGROUP,4898,5
937,MH3,CTCP Khu Công nghiệp Cao su Bình Long,3347,5
938,MHC,CTCP MHC,618,1
939,MHL,CTCP Minh Hữu Liên,1867,2
940,MHP,CTCP Môi trường và Dịch vụ Đô thị Việt Trì,4840,5
941,MHY,CTCP Môi trường và Công trình Đô thị Hưng Yên,4738,5
942,MIC,CTCP Kỹ nghệ Khoáng sản Quảng Nam,1067,5
943,MIE,Tổng Công ty Máy và Thiết bị Công nghiệp - CTCP,4398,5
944,MIG,Tổng Công ty cổ phần Bảo hiểm Quân Đội,1940,1
945,MIM,CTCP Khoáng sản và Cơ khí,2408,2
946,MKP,CTCP Hoá - Dược phẩm Mekophar,1548,5
947,MKT,CTCP Dệt Minh Khai,3895,5
948,MKV,CTCP Dược thú Y Cai Lậy,1441,2
949,MLC,CTCP Môi trường Đô thị Tỉnh Lào Cai,4503,5
950,MLN,CTCP Mai Linh Miền Bắc,2226,5
951,MLS,CTCP Chăn nuôi - Mitraco,4379,5
952,MMC,CTCP khoáng Sản Mangan,1229,5
953,MML,CTCP Masan MeatLife,4771,5
954,MNB,Tổng Công ty May Nhà Bè - CTCP,1335,5
955,MNC,CTCP Mai Linh Miền Trung,1743,2
956,MND,CTCP Môi trường Nam Định,4536,5
957,MPC,CTCP Tập đoàn Thủy sản Minh Phú,925,5
958,MPT,CTCP Tập đoàn MPT,4119,5
959,MPY,CTCP Môi trường Đô thị Phú Yên,4497,5
960,MQB,CTCP Môi trường và Phát triển Đô thị Quảng Bình,4588,5
961,MQN,CTCP Môi trường đô thị Quảng Ngãi,4689,5
962,MRF,CTCP Merufa,2119,5
963,MSB,Ngân hàng TMCP Hàng hải Việt Nam,1166,1
964,MSC,CTCP Dịch vụ Phú Nhuận,2381,2
965,MSH,CTCP May Sông Hồng,1611,1
966,MSN,CTCP Tập đoàn Masan,1858,1
967,MSR,CTCP Masan High-Tech Materials,4140,5
968,MST,CTCP Đầu tư MST,4279,2
969,MTA,Tổng Công ty Khoáng sản và Thương mại Hà Tĩnh -  CTCP,3622,5
970,MTB,CTCP Môi trường và Công trình Đô thị Tỉnh Thái Bình,4845,5
971,MTC,CTCP Dịch vụ Du lịch Mỹ Trà,2484,5
972,MTG,CTCP MT Gas,1461,5
973,MTH,CTCP Môi trường Đô thị Hà Đông,2388,5
974,MTL,CTCP Dịch vụ Môi trường Đô thị Từ Liêm,3881,5
975,MTM,CTCP mỏ và Xuất nhập khẩu Khoáng sản Miền Trung,3900,5
976,MTP,CTCP Dược Medipharco,2683,5
977,MTS,CTCP Vật tư - TKV,3661,5
978,MTV,CTCP Dịch vụ Môi trường và Công trình Đô thị Vũng Tàu,4539,5
979,MVB,Tổng Công ty Công nghiệp mỏ Việt Bắc TKV - CTCP,4070,2
980,MVC,CTCP Vật liệu và Xây dựng Bình Dương,4213,5
981,MVN,Tổng Công ty Hàng hải Việt Nam - CTCP,4708,5
982,MVY,CTCP Môi trường và Dịch vụ Đô Thị Vĩnh Yên,3360,5
983,MWG,CTCP Đầu tư Thế giới Di động,3362,1
984,MXC,Trung tâm Nông nghiệp Mùa Xuân,4843,5
985,NAB,Ngân hàng TMCP Nam Á,1172,5
986,NAC,CTCP Tư vấn Xây dựng Tổng hợp,2278,5
987,NAF,CTCP Nafoods Group,4162,1
988,NAG,CTCP Tập đoàn Nagakawa,1822,2
989,NAP,CTCP Cảng Nghệ Tĩnh,3873,2
990,NAS,CTCP Dịch vụ Hàng không Sân bay Nội Bài,1668,5
991,NAU,CTCP Môi trường Đô thị Nghệ An,4204,5
992,NAV,CTCP Nam Việt,808,1
993,NAW,CTCP Cấp nước Nghệ An,4203,5
994,NBB,CTCP Đầu tư Năm Bảy Bảy,1469,1
995,NBC,CTCP Than Núi Béo - Vinacomin,927,2
996,NBE,CTCP Sách và Thiết bị Giáo dục Miền Bắc,2764,5
997,NBP,CTCP Nhiệt điện Ninh Bình,1802,2
998,NBR,CTCP Đường sắt Nghĩa Bình,4309,5
999,NBS,CTCP Bến Xe Nghệ An,2480,5
1000,NBT,CTCP Cấp thoát nước Bến Tre,4129,5
1001,NBW,CTCP Cấp nước Nhà Bè,2053,2
1002,NCP,CTCP Nhiệt điện Cẩm Phả - TKV,4558,5
1003,NCS,CTCP Suất ăn Hàng không Nội Bài,1923,5
1004,NCT,CTCP Dịch vụ Hàng hóa Nội Bài,2186,1
1005,ND2,CTCP Đầu tư và Phát triển Điện Miền Bắc 2,1777,5
1006,NDC,CTCP Nam Dược,2274,5
1007,NDF,CTCP Chế biến Thực phẩm Nông sản xuất khẩu Nam Định,3736,5
1008,NDN,CTCP Đầu tư Phát triển Nhà Đà Nẵng,2712,2
1009,NDP,CTCP Dược phẩm 2/9,1655,5
1010,NDT,Tổng Công ty cổ phần Dệt May Nam Định,4198,5
1011,NDW,CTCP Cấp nước Nam Định,4742,5
1012,NDX,CTCP Xây lắp Phát triển Nhà Đà Nẵng,3572,2
1013,NED,CTCP Đầu tư và Phát triển Điện Tây Bắc,2405,5
1014,NET,CTCP Bột giặt NET,1242,2
1015,NFC,CTCP Phân lân Ninh Bình,2307,2
1016,NGC,CTCP Chế biến Thủy sản xuất khẩu Ngô Quyền,1082,5
1017,NHA,Tổng Công ty Đầu tư Phát triển Nhà và Đô thị Nam Hà Nội,2614,1
1018,NHC,CTCP Gạch ngói Nhị Hiệp,754,2
1019,NHH,CTCP Nhựa Hà Nội,4549,1
1020,NHN,CTCP Phát Triển Đô Thị Nam Hà Nội,3067,5
1021,NHP,CTCP Sản xuất Xuất nhập khẩu NHP,3986,5
1022,NHT,CTCP Sản xuất và Thương mại Nam Hoa,3028,1
1023,NHV,CTCP Sức Khỏe Hồi Sinh Việt Nam,4193,5
1024,NJC,CTCP May Nam Định,4837,5
1025,NKG,CTCP Thép Nam Kim,2684,1
1026,NLG,CTCP Đầu tư Nam Long,1385,1
1027,NLS,CTCP Cấp thoát nước Lạng Sơn,4359,5
1028,NMK,CTCP Xây dựng Công trình 510,2828,5
1029,NNB,CTCP Cấp thoát nước Ninh Bình,4110,5
1030,NNC,CTCP Đá Núi Nhỏ,1821,1
1031,NNG,CTCP Công nghiệp - Dịch vụ - Thương mại Ngọc Nghĩa,2472,5
1032,NNQ,CTCP Giống Nông nghiệp Quảng Nam,4792,5
1033,NNT,CTCP Cấp nước Ninh Thuận,2604,5
1034,NO1,CTCP Tập đoàn 911,4894,1
1035,NOS,CTCP Vận tải biển và Thương mại Phương Đông,1497,5
1036,NPH,CTCP Khách Sạn Bưu Điện Nha Trang,4184,5
1037,NPS,CTCP May Phú Thịnh - Nhà Bè,929,5
1038,NQB,CTCP Cấp nước Quảng Bình,3840,5
1039,NQN,CTCP Nước sạch Quảng Ninh,4688,5
1040,NQT,CTCP Nước sạch Quảng Trị,4201,5
1041,NRC,CTCP Tập Đoàn Danh Khôi,4663,2
1042,NS2,CTCP Nước sạch Số 2 Hà Nội,4005,5
1043,NS3,CTCP Sản xuất Kinh doanh Nước sạch Số 3 Hà Nội,3977,5
1044,NSC,CTCP Tập đoàn Giống cây trồng Việt Nam,809,1
1045,NSG,CTCP Nhựa Sài Gòn,3220,5
1046,NSH,CTCP Tập Đoàn Nhôm Sông Hồng Shalumi,2413,2
1047,NSL,CTCP Cấp nước Sơn La,4750,5
1048,NSS,CTCP Nông Súc Sản Đồng Nai,4714,5
1049,NST,CTCP Ngân Sơn,930,2
1050,NT2,CTCP Điện lực Dầu khí Nhơn Trạch 2,2348,1
1051,NTB,CTCP Đầu tư Xây dựng và Khai thác Công trình Giao thông 584,2369,5
1052,NTC,CTCP Khu Công nghiệp Nam Tân Uyên,2716,5
1053,NTF,CTCP Dược - Vật tư Y tế Nghệ An,2443,5
1054,NTH,CTCP Thủy điện Nước Trong,4740,2
1055,NTL,CTCP Phát triển Đô thị Từ Liêm,1022,1
1056,NTP,CTCP Nhựa Thiếu niên Tiền Phong,931,2
1057,NTR,CTCP Đường sắt Nghệ Tĩnh,4404,5
1058,NTT,CTCP Dệt - May Nha Trang,2283,5
1059,NTW,CTCP Cấp nước Nhơn Trạch,2060,5
1060,NUE,CTCP Môi trường Đô thị Nha Trang,3839,5
1061,NVB,Ngân hàng TMCP Quốc Dân,1210,2
1062,NVL,CTCP Tập đoàn Đầu tư Địa ốc No Va ,4046,1
1063,NVP,CTCP Nước sạch Vĩnh Phúc,4226,5
1064,NVT,CTCP Bất động sản Du lịch Ninh Vân Bay,2347,1
1065,NWT,CTCP Vận tải Newway,3997,5
1066,NXT,CTCP Sản xuất và Cung ứng Vật liệu Xây dựng Kon Tum,4883,5
1067,OCB,Ngân hàng TMCP Phương Đông,1199,1
1068,OCH,CTCP One Capital Hospitality,2695,2
1069,ODE,CTCP Tập đoàn Truyền thông và Giải trí ODE,4889,5
1070,OGC,CTCP Tập đoàn Đại Dương,2545,1
1071,OIL,Tổng Công ty Dầu Việt Nam - CTCP,4565,5
1072,ONE,CTCP Truyền thông Số 1,1189,2
1073,ONW,CTCP Dịch vụ Một Thế Giới,4454,5
1074,OPC,CTCP Dược phẩm OPC,1258,1
1075,ORS,CTCP Chứng khoán Tiên Phong,1350,1
1076,PAC,CTCP Pin Ắc quy Miền Nam,740,1
1077,PAI,CTCP Công nghệ thông tin Viễn thông và Tự động hóa Dầu Khí,4442,5
1078,PAN,CTCP Tập đoàn Pan,932,1
1079,PAP,CTCP Dầu khí Đầu tư Khai thác Cảng Phước An,2671,5
1080,PAS,CTCP Quốc tế Phương Anh,4729,5
1081,PAT,CTCP Phốt Pho Apatit Việt Nam,4901,5
1082,PBC,CTCP Dược phẩm Trung Ương 1- Pharbaco,2429,5
1083,PBK,CTCP Điện lực Dầu khí Bắc Kạn,4599,5
1084,PBP,CTCP Bao bì Dầu khí Việt Nam,3752,2
1085,PBT,CTCP Nhà và Thương mại Dầu khí,4339,5
1086,PC1,CTCP Tập Đoàn PC1,2858,1
1087,PCC,CTCP Tập đoàn Xây lắp 1 - Petrolimex,2130,5
1088,PCE,CTCP Phân bón và Hóa chất Dầu khí Miền Trung,4090,2
1089,PCF,CTCP Cà phê PETEC,1628,5
1090,PCG,CTCP Đầu tư Phát triển Gas Đô thị,2483,2
1091,PCH,CTCP Nhựa Picomat,4893,2
1092,PCM,CTCP Vật liệu Xây dựng Bưu điện,4535,5
1093,PCN,CTCP Hóa phẩm Dầu khí DMC - Miền Bắc,3352,5
1094,PCT,CTCP Vận tải Khí và Hoá chất Việt Nam,2668,2
1095,PDB,CTCP Tập đoàn Đầu tư Din Capital,4020,2
1096,PDC,CTCP Du lịch Dầu khí Phương Đông,1828,5
1097,PDN,CTCP Cảng Đồng Nai,2074,1
1098,PDR,CTCP Phát triển Bất động sản Phát Đạt,2619,1
1099,PDT,CTCP Thương mại Dầu khí Đồng Tháp,4717,5
1100,PDV,CTCP Vận Tải Và Tiếp Vận Phương Đông Việt,3223,5
1101,PEC,CTCP Cơ khí Điện lực,2256,5
1102,PEG,Tổng Công ty Thương mại Kỹ thuật và Đầu tư - CTCP,4608,5
1103,PEN,CTCP Xây lắp III Petrolimex,2160,2
1104,PEQ,CTCP Thiết bị Xăng dầu Petrolimex,1724,5
1105,PET,Tổng Công ty cổ phần Dịch vụ Tổng hợp Dầu khí,941,1
1106,PFL,CTCP Dầu khí Đông Đô,2509,5
1107,PGB,Ngân hàng TMCP Xăng dầu Petrolimex,1218,5
1108,PGC,Tổng Công ty Gas Petrolimex - CTCP,810,1
1109,PGD,CTCP Phân phối khí thấp áp Dầu khí Việt Nam,1552,1
1110,PGI,Tổng Công ty cổ phần Bảo hiểm Petrolimex,2044,1
1111,PGN,CTCP Phụ Gia Nhựa,4736,2
1112,PGS,CTCP Kinh doanh Khí Miền Nam,1068,2
1113,PGT,CTCP PGT Holdings,1487,2
1114,PGV,Tổng Công ty Phát điện 3 - CTCP,4653,1
1115,PHC,CTCP Xây dựng Phục Hưng Holdings,1863,1
1116,PHH,CTCP Hồng Hà Việt Nam,2236,5
1117,PHN,CTCP Pin Hà Nội,1707,2
1118,PHP,CTCP Cảng Hải Phòng,3781,5
1119,PHR,CTCP Cao su Phước Hòa,1549,1
1120,PHS,CTCP Chứng khoán Phú Hưng,848,5
1121,PIA,CTCP Tin học Viễn thông Petrolimex,4072,2
1122,PIC,CTCP Đầu tư Điện lực 3,2069,2
1123,PID,CTCP Trang Trí Nội Thất Dầu khí,3216,5
1124,PIS,Tổng Công ty Pisico Bình Định - CTCP,4008,5
1125,PIT,CTCP Xuất nhập khẩu Petrolimex,1079,1
1126,PIV,CTCP PIV,2656,5
1127,PJC,CTCP Thương mại và Vận tải Petrolimex Hà Nội,933,2
1128,PJS,CTCP Cấp nước Phú Hòa Tân,1287,5
1129,PJT,CTCP Vận tải Xăng dầu đường Thủy Petrolimex,811,1
1130,PKR,CTCP Đường sắt Phú Khánh,4432,5
1131,PLA,CTCP Đầu tư và Dịch vụ Hạ tầng Xăng dầu,2142,5
1132,PLC,Tổng Công ty Hóa dầu Petrolimex - CTCP,934,2
1133,PLE,CTCP Tư vấn Xây dựng Petrolimex,4849,5
1134,PLO,CTCP Kho Vận Petec,2843,5
1135,PLP,CTCP Sản xuất và Công nghệ Nhựa Pha Lê,4542,1
1136,PLX,Tập đoàn Xăng Dầu Việt Nam,3023,1
1137,PMB,CTCP Phân bón và Hóa chất  Dầu khí Miền Bắc,4123,2
1138,PMC,CTCP Dược phẩm Dược liệu Pharmedic,1316,2
1139,PME,CTCP Pymepharco,2249,1
1140,PMG,CTCP Đầu tư và Sản xuất Petro Miền Trung,4639,1
1141,PMJ,CTCP Vật tư Bưu Điện,1250,5
1142,PMP,CTCP Bao bì đạm Phú Mỹ,4084,2
1143,PMS,CTCP Cơ khí Xăng dầu,654,2
1144,PMT,CTCP Viễn thông TELVINA Việt Nam,2231,5
1145,PMW,CTCP Cấp nước Phú Mỹ,1640,5
1146,PNC,CTCP Văn hóa Phương Nam,1798,1
1147,PND,CTCP Xăng dầu Dầu khí Nam Định,4457,5
1148,PNG,CTCP Thương mại Phú Nhuận,1732,5
1149,PNJ,CTCP Vàng bạc Đá quý Phú Nhuận,1531,1
1150,PNP,CTCP Tân Cảng - Phú Hữu,3230,5
1151,PNT,CTCP Kỹ thuật Xây dựng Phú Nhuận,1692,5
1152,POB,CTCP Xăng dầu Dầu khí Thái Bình,4563,5
1153,POM,CTCP Thép Pomina,2415,1
1154,POS,"CTCP Dịch vụ Lắp đặt, Vận hành và Bảo dưỡng Công trình Dầu khí Biển PTSC",3583,5
1155,POT,CTCP Thiết bị Bưu điện,935,2
1156,POV,CTCP Xăng dầu Dầu khí Vũng Áng,2690,5
1157,POW,Tổng Công ty Điện lực Dầu khí Việt Nam - CTCP,4620,1
1158,PPC,CTCP Nhiệt điện Phả Lại,999,1
1159,PPE,CTCP Tư vấn Điện lực Dầu khí Việt Nam,2699,2
1160,PPG,CTCP Sản xuất - Thương mại - Dịch vụ Phú Phong,937,5
1161,PPH,Tổng Công ty cổ phần Phong Phú,1514,5
1162,PPI,CTCP Đầu tư và Phát triển Dự án Hạ tầng Thái Bình Dương,2492,5
1163,PPP,CTCP Dược phẩm Phong Phú,1658,2
1164,PPS,CTCP Dịch vụ Kỹ thuật Điện lực Dầu khí Việt Nam,2693,2
1165,PPT,CTCP Petro Times,4900,5
1166,PPY,CTCP Xăng dầu Dầu khí Phú Yên,2674,2
1167,PQN,CTCP Dịch vụ Dầu khí Quảng Ngãi PTSC,4762,5
1168,PRC,CTCP Logistics Portserco,2516,2
1169,PRE,Tổng Công ty cổ phần Tái bảo hiểm PVI,4799,2
1170,PRO,CTCP Procimex Việt Nam,2222,5
1171,PRT,Tổng Công ty Sản xuất - Xuất nhập khẩu Bình Dương - CTCP,4661,5
1172,PSB,CTCP Đầu tư Dầu khí Sao Mai - Bến Đình,2072,5
1173,PSC,CTCP Vận tải và Dịch vụ Petrolimex Sài Gòn,938,2
1174,PSD,CTCP Dịch vụ Phân phối Tổng hợp Dầu khí,3567,2
1175,PSE,CTCP Phân Bón và Hóa Chất Dầu khí Đông Nam Bộ,3017,2
1176,PSG,CTCP Đầu Tư và Xây lắp Dầu khí Sài Gòn,2733,5
1177,PSH,CTCP Thương mại Đầu tư Dầu khí Nam Sông Hậu,4791,1
1178,PSI,CTCP Chứng khoán Dầu khí,1353,2
1179,PSL,CTCP Chăn nuôi Phú Sơn,2276,5
1180,PSN,CTCP Dịch Vụ Kỹ Thuật PTSC Thanh Hóa,3348,5
1181,PSP,CTCP Cảng Dịch vụ Dầu khí Đình Vũ,1869,5
1182,PSW,CTCP Phân bón và Hóa chất Dầu khí Tây Nam Bộ,3310,2
1183,PTB,CTCP Phú Tài,1706,1
1184,PTC,CTCP Đầu Tư Icapital,939,1
1185,PTD,CTCP Thiết kế Xây dựng Thương mại Phúc Thịnh,2019,2
1186,PTE,CTCP Xi măng Phú Thọ,2039,5
1187,PTG,CTCP May Xuất khẩu Phan Thiết,2206,5
1188,PTH,CTCP Vận tải và Dịch vụ Petrolimex Hà Tây,2536,5
1189,PTI,Tổng Công ty cổ phần Bảo hiểm Bưu điện,1938,2
1190,PTK,CTCP Luyện kim Phú Thịnh,3273,5
1191,PTL,CTCP Victory Capital,2602,1
1192,PTM,CTCP Sản xuất Thương mại và Dịch vụ Ô Tô PTM,1468,5
1193,PTN,CTCP Phát triển nhà Khánh Hòa,4918,5
1194,PTO,CTCP Dịch vụ - Xây dựng Công trình Bưu Điện,2107,5
1195,PTP,CTCP Dịch vụ Viễn thông và In Bưu điện,1907,5
1196,PTS,CTCP Vận tải và Dịch vụ Petrolimex Hải Phòng,940,2
1197,PTT,CTCP Vận tải Dầu khí Đông Dương,2605,5
1198,PTV,CTCP Thương mại Dầu khí,2653,5
1199,PTX,CTCP Vận tải và Dịch vụ Petrolimex Nghệ Tĩnh,2254,5
1200,PV2,CTCP Đầu tư PV2,2687,2
1201,PVA,CTCP Tổng Công ty Xây lắp Dầu khí Nghệ An,1444,5
1202,PVB,CTCP Bọc ống Dầu khí Việt Nam,3032,2
1203,PVC,Tổng Công ty Hóa chất và Dịch vụ Dầu khí - CTCP,1084,2
1204,PVD,Tổng Công ty cổ phần Khoan và Dịch vụ khoan Dầu khí ,814,1
1205,PVE,Tổng Công ty Tư vấn thiết kế Dầu khí - CTCP,1085,5
1206,PVG,CTCP Kinh doanh LPG Việt Nam,1456,2
1207,PVH,CTCP Xây lắp Dầu khí Thanh Hóa,2965,5
1208,PVI,CTCP PVI,944,2
1209,PVL,CTCP Đầu tư Nhà Đất Việt,2162,5
1210,PVM,CTCP Máy - Thiết bị Dầu khí,2996,5
1211,PVO,CTCP Dầu nhờn PV Oil,3072,5
1212,PVP,CTCP Vận tải Dầu khí Thái Bình Dương,2985,1
1213,PVR,CTCP Đầu tư PVR Hà Nội,2612,5
1214,PVS,Tổng Công ty cổ phần Dịch vụ Kỹ thuật Dầu khí Việt Nam,945,2
1215,PVT,Tổng Công ty cổ phần Vận tải Dầu khí,1015,1
1216,PVV,CTCP Vinaconex 39,2631,5
1217,PVX,Tổng Công ty cổ phần Xây lắp Dầu khí Việt Nam,1807,5
1218,PVY,CTCP Chế tạo Giàn khoan Dầu khí,3115,5
1219,PWA,CTCP Bất động sản Dầu khí,2525,5
1220,PWS,CTCP Cấp thoát nước Phú Yên,4137,5
1221,PX1,CTCP Xi măng Sông Lam 2,2506,5
1222,PXA,CTCP Đầu tư và Thương mại Dầu khí Nghệ An,2738,5
1223,PXC,CTCP Phát triển Đô thị Dầu khí,2906,5
1224,PXI,CTCP Xây dựng Công nghiệp và Dân dụng Dầu khí,2586,5
1225,PXL,CTCP Đầu tư Khu Công nghiệp Dầu khí Long Sơn,2520,5
1226,PXM,CTCP Xây lắp Dầu khí Miền Trung,2599,5
1227,PXS,CTCP Kết cấu Kim loại và Lắp máy Dầu khí,2592,5
1228,PXT,CTCP Xây lắp Đường ống Bể chứa Dầu khí,2554,5
1229,PYU,CTCP Môi trường và Công trình Đô thị Phúc Yên,3330,5
1230,QBR,CTCP Đường sắt Quảng Bình,4334,5
1231,QBS,CTCP Xuất nhập khẩu Quảng Bình,3758,1
1232,QCC,CTCP Đầu tư Xây dựng và Phát triển Hạ tầng Viễn thông,1902,5
1233,QCG,CTCP Quốc Cường Gia Lai,1358,1
1234,QHD,CTCP Que hàn điện Việt Đức,1908,2
1235,QHW,CTCP Nước khoáng Quảng Ninh,4419,5
1236,QLD,CTCP Quản lý và Xây dựng Giao thông Lạng Sơn,4630,5
1237,QLT,CTCP Quản lý Bảo trì Đường thủy Nội địa Số 10,4477,5
1238,QNC,CTCP Xi măng và Xây dựng Quảng Ninh,1086,5
1239,QNS,CTCP Đường Quảng Ngãi,2953,5
1240,QNT,Trung tâm Tư vấn xây dựng thị xã Điện Bàn,4787,5
1241,QNU,CTCP Môi trường Đô thị Quảng Nam,4464,5
1242,QNW,CTCP Cấp thoát nước và Xây dựng Quảng Ngãi,4424,5
1243,QPH,CTCP Thủy điện Quế Phong,3105,5
1244,QSP,CTCP Tân Cảng Quy Nhơn,3265,5
1245,QST,CTCP Sách và Thiết bị Trường học Quảng Ninh,1520,2
1246,QTC,CTCP Công trình Giao thông Vận tải Quảng Nam,1457,2
1247,QTP,CTCP Nhiệt điện Quảng Ninh,3594,5
1248,RAL,CTCP Bóng đèn Phích nước Rạng Đông,815,1
1249,RAT,CTCP Vận tải và Thương mại Đường sắt,3340,5
1250,RBC,CTCP Công nghiệp và Xuất nhập khẩu Cao su,2010,5
1251,RCC,CTCP Tổng Công ty Công trình Đường sắt,1855,5
1252,RCD,CTCP  Xây dựng - Địa ốc Cao su,2315,5
1253,RCL,CTCP Địa ốc Chợ Lớn,946,2
1254,RDP,CTCP Rạng Đông Holding,1812,1
1255,REE,CTCP Cơ Điện Lạnh,21,1
1256,RGC,CTCP Đầu tư PV - Inconess,3226,5
1257,RHN,CTCP Đường sắt Hà Ninh,4469,5
1258,RIC,CTCP Quốc tế Hoàng Gia,913,5
1259,RLC,CTCP Đường bộ Lào Cai,4412,5
1260,ROS,CTCP Xây dựng FLC Faros,4357,1
1261,RTB,CTCP Cao su Tân Biên,4254,5
1262,RTH,CTCP Đường sắt Thanh Hóa,4461,5
1263,RTS,CTCP Thông tin Tín hiệu Đường sắt Đà Nẵng,4399,5
1264,S12,CTCP Sông Đà 12,1095,5
1265,S27,CTCP Sông Đà 27,2223,5
1266,S33,CTCP Mía đường 333,2156,5
1267,S4A,CTCP Thủy điện Sê San 4A,4229,1
1268,S55,CTCP Sông Đà 505,947,2
1269,S72,CTCP Sông Đà 7.02,1421,5
1270,S74,CTCP Sông Đà 7.04,1799,5
1271,S96,CTCP Sông Đà 9.06,719,5
1272,S99,CTCP SCI,1096,2
1273,SAB,Tổng Công ty cổ phần Bia - Rượu - Nước giải khát Sài Gòn,1310,1
1274,SAC,CTCP Xếp dỡ và Dịch vụ Cảng Sài Gòn,3073,5
1275,SAF,CTCP Lương thực Thực phẩm Safoco,816,2
1276,SAL,CTCP Trục vớt Cứu hộ Việt Nam,3876,5
1277,SAM,CTCP SAM HOLDINGS,23,1
1278,SAP,CTCP In Sách giáo khoa Thành phố Hồ Chí Minh,957,5
1279,SAS,CTCP Dịch vụ Hàng không Sân bay Tân Sơn Nhất,3765,5
1280,SAV,CTCP Hợp tác Kinh tế và Xuất nhập khẩu Savimex,35,1
1281,SB1,CTCP Bia Sài Gòn - Nghệ Tĩnh,2801,5
1282,SBA,CTCP Sông Ba,1922,1
1283,SBD,CTCP Công nghệ Sao Bắc Đẩu,1630,5
1284,SBH,CTCP Thủy điện Sông Ba Hạ,4683,5
1285,SBL,CTCP Bia Sài Gòn - Bạc Liêu,4443,5
1286,SBM,CTCP Đầu tư Phát triển Bắc Minh,4553,5
1287,SBR,CTCP Cao su Sông Bé,4755,5
1288,SBS,CTCP Chứng khoán SBS,1406,5
1289,SBT,CTCP Thành Thành Công - Biên Hòa,1115,1
1290,SBV,CTCP Siam Brothers Việt Nam,4416,1
1291,SC5,CTCP Xây dựng Số 5,974,1
1292,SCA,CTCP Nông nghiệp Sông Con,4819,5
1293,SCC,CTCP Thương mại Đầu tư SHB,958,5
1294,SCD,CTCP Nước giải khát Chương Dương,729,1
1295,SCG,CTCP Tập Đoàn Xây Dựng SCG,4856,2
1296,SCH,CTCP Thủy điện Sông Chảy 5,4421,5
1297,SCI,CTCP SCI E&amp;C,3729,2
1298,SCJ,CTCP Xi măng Sài Sơn,963,5
1299,SCL,CTCP Sông Đà Cao Cường,2207,5
1300,SCO,CTCP Công nghiệp Thủy sản,2122,5
1301,SCR,CTCP Địa ốc Sài Gòn Thương Tín,1356,1
1302,SCS,CTCP Dịch vụ Hàng hóa Sài Gòn,3311,1
1303,SCV,CTCP Muối Việt Nam,4863,5
1304,SCY,CTCP Đóng tàu Sông Cấm,4578,5
1305,SD1,CTCP Sông Đà 1,2423,5
1306,SD2,CTCP Sông Đà 2,1097,5
1307,SD3,CTCP Sông Đà 3,962,5
1308,SD4,CTCP Sông Đà 4,1169,2
1309,SD5,CTCP Sông Đà 5,961,2
1310,SD6,CTCP Sông Đà 6,964,2
1311,SD7,CTCP Sông Đà 7,965,5
1312,SD8,CTCP Sông Đà 8,1442,5
1313,SD9,CTCP Sông Đà 9,1098,2
1314,SDA,CTCP Simco Sông Đà,966,2
1315,SDB,CTCP Sông Đà 207,1418,5
1316,SDC,CTCP Tư vấn Sông Đà,967,2
1317,SDD,CTCP Đầu tư và Xây lắp Sông Đà,1099,5
1318,SDE,CTCP Kỹ thuật Điện Sông Đà,2174,5
1319,SDF,Công Ty Tài Chính Cổ Phần Sông Đà,2464,5
1320,SDG,CTCP Sadico Cần Thơ,1889,2
1321,SDH,CTCP Xây dựng Hạ tầng Sông Đà,1849,5
1322,SDI,CTCP Đầu Tư và Phát triển Đô Thị Sài Đồng,3019,5
1323,SDJ,CTCP Sông Đà 25,1100,5
1324,SDK,CTCP Cơ khí Luyện kim,2649,5
1325,SDN,CTCP Sơn Đồng Nai,817,2
1326,SDP,CTCP SDP,1542,5
1327,SDT,CTCP Sông Đà 10,968,2
1328,SDU,CTCP Đầu tư Xây dựng và Phát triển Đô thị Sông Đà,1827,2
1329,SDV,CTCP Dịch vụ Sonadezi,2394,5
1330,SDX,CTCP Phòng cháy Chữa cháy và Đầu tư Xây dựng Sông Đà,4132,5
1331,SDY,CTCP Xi măng Sông Đà Yaly,969,5
1332,SEA,Tổng Công ty Thủy sản Việt Nam - CTCP,3846,5
1333,SEB,CTCP Đầu tư và Phát triển Điện Miền Trung,1460,2
1334,SEC,CTCP Mía Đường - Nhiệt Điện Gia Lai,1843,1
1335,SED,CTCP Đầu tư và Phát triển Giáo dục Phương Nam,1810,2
1336,SEP,CTCP Tổng Công ty Thương mại Quảng Trị,4446,5
1337,SFC,CTCP Nhiên liệu Sài Gòn,592,1
1338,SFG,CTCP Phân Bón Miền Nam,3207,1
1339,SFI,CTCP Đại lý Vận tải SAFI,818,1
1340,SFN,CTCP Dệt lưới Sài Gòn,819,2
1341,SFT,CTCP Softech,3151,2
1342,SGB,Ngân hàng TMCP Sài Gòn Công Thương,1174,5
1343,SGC,CTCP Xuất nhập khẩu Sa Giang,736,2
1344,SGD,CTCP Sách Giáo dục tại Thành phố Hồ Chí Minh,970,2
1345,SGH,CTCP Khách sạn Sài Gòn,26,2
1346,SGI,CTCP Đầu tư Phát triển Sài Gòn 3 Group,4877,5
1347,SGN,CTCP Phục vụ Mặt đất Sài Gòn,3847,1
1348,SGO,CTCP Dầu thực vật Sài Gòn,4114,5
1349,SGP,CTCP Cảng Sài Gòn,4093,5
1350,SGR,CTCP Tổng CTCP Địa ốc Sài Gòn,2015,1
1351,SGS,CTCP Vận tải biển Sài Gòn,1263,5
1352,SGT,CTCP Công nghệ Viễn Thông Sài Gòn,1037,1
1353,SHA,CTCP Sơn Hà Sài Gòn,3269,1
1354,SHB,Ngân hàng TMCP Sài Gòn - Hà Nội,1208,1
1355,SHC,CTCP Hàng hải Sài Gòn,773,5
1356,SHE,CTCP Phát triển năng lượng Sơn Hà,4725,2
1357,SHG,Tổng Công ty cổ phần Sông Hồng,3102,5
1358,SHI,CTCP Quốc tế Sơn Hà,2013,1
1359,SHN,CTCP Đầu tư Tổng hợp Hà Nội,2011,2
1360,SHP,CTCP Thủy điện Miền Nam,1764,1
1361,SHS,CTCP Chứng khoán Sài Gòn - Hà Nội,1181,2
1362,SHX,CTCP Sài Gòn Hỏa xa,4395,5
1363,SIC,CTCP ANI,971,2
1364,SID,CTCP Đầu tư Phát triển Sài Gòn Co.op,2441,5
1365,SIG,CTCP Đầu tư và Thương mại Sông Đà,3177,5
1366,SII,CTCP Hạ tầng Nước Sài Gòn,3068,1
1367,SIP,CTCP Đầu tư Sài Gòn VRG,4734,5
1368,SIV,CTCP SIVICO,4501,5
1369,SJ1,CTCP Nông nghiệp Hùng Hậu,820,2
1370,SJC,CTCP Sông Đà 1.01,1101,5
1371,SJD,CTCP Thủy điện Cần Đơn,821,1
1372,SJE,CTCP Sông Đà 11,973,2
1373,SJF,CTCP Đầu tư Sao Thái Dương,4407,1
1374,SJG,Tổng Công ty Sông Đà - CTCP,4605,5
1375,SJM,CTCP Sông Đà 19,1069,5
1376,SJS,CTCP Đầu tư Phát triển Đô thị và Khu công nghiệp Sông Đà,693,1
1377,SKG,CTCP Tàu cao tốc Superdong - Kiên Giang,3593,1
1378,SKH,CTCP Nước giải khát Sanest Khánh Hòa,4538,5
1379,SKN,CTCP Nước giải khát Sanna Khánh Hòa,4706,5
1380,SKV,CTCP Nước giải khát Yến sào Khánh Hòa,4329,5
1381,SLC,CTCP Dịch vụ Xuất khẩu Lao động và Chuyên gia,4022,5
1382,SLS,CTCP Mía Đường Sơn La,2746,2
1383,SMA,CTCP Thiết bị Phụ tùng Sài Gòn,2624,1
1384,SMB,CTCP Bia Sài Gòn - Miền Trung,2665,1
1385,SMC,CTCP Đầu tư Thương mại SMC,823,1
1386,SMN,CTCP Sách và Thiết bị Giáo dục Miền Nam,3176,2
1387,SMT,CTCP Sametel,1759,2
1388,SNC,CTCP Xuất nhập khẩu Thủy sản Năm Căn,2447,5
1389,SNZ,Tổng Công ty cổ phần Phát triển Khu Công nghiệp,4212,5
1390,SON,CTCP Cung ứng Nhân lực Quốc tế và Thương mại,4071,5
1391,SOV,CTCP Mắt kính Sài Gòn,1916,5
1392,SP2,CTCP Thủy điện Sử Pán 2,4384,5
1393,SPA,CTCP Bao bì Sài Gòn,2323,5
1394,SPB,CTCP Sợi Phú Bài,4360,5
1395,SPC,CTCP Bảo vệ Thực vật Sài Gòn,2173,2
1396,SPD,CTCP Xuất nhập khẩu Thủy sản Miền Trung,2000,5
1397,SPH,CTCP Xuất nhập khẩu Thủy sản Hà Nội,2232,5
1398,SPI,CTCP Spiral Galaxy,3312,2
1399,SPM,CTCP SPM,1295,1
1400,SPP,CTCP Bao bì Nhựa Sài Gòn,1264,5
1401,SPV,CTCP Thủy Đặc sản,2211,5
1402,SQC,CTCP Khoáng sản Sài Gòn - Quy Nhơn,1871,5
1403,SRA,CTCP Sara Việt Nam,1102,2
1404,SRB,CTCP Tập đoàn Sara,1136,5
1405,SRC,CTCP Cao su Sao Vàng,1832,1
1406,SRF,CTCP Searefico,1847,1
1407,SRT,CTCP Vận tải Đường sắt Sài Gòn,4186,5
1408,SSB,Ngân hàng TMCP Đông Nam Á,1193,1
1409,SSC,CTCP Giống cây trồng Miền Nam,594,1
1410,SSF,CTCP Giáo dục G Sài Gòn,2313,5
1411,SSG,CTCP Vận tải biển Hải Âu,2639,5
1412,SSH,CTCP Phát triển Sunshine Homes,4873,5
1413,SSI,CTCP Chứng khoán SSI,993,1
1414,SSM,CTCP Chế tạo kết cấu Thép Vneco.SSM,1396,2
1415,SSN,CTCP Xuất nhập khẩu Thủy sản Sài Gòn,2078,5
1416,SSU,CTCP Môi trường Đô thị Sóc Sơn,4415,5
1417,ST8,CTCP Siêu Thanh,1021,1
1418,STB,Ngân hàng TMCP Sài Gòn Thương Tín,59,1
1419,STC,CTCP Sách và Thiết bị Trường học Thành phố Hồ Chí Minh,977,2
1420,STG,CTCP Kho vận Miền Nam,1510,1
1421,STH,CTCP Phát hành Sách Thái Nguyên,4796,5
1422,STK,CTCP Sợi Thế Kỷ,2758,1
1423,STL,CTCP Sông Đà Thăng Long,1333,5
1424,STP,CTCP Công nghiệp Thương mại Sông Đà,978,2
1425,STS,CTCP Dịch vụ Vận tải Sài Gòn,1669,5
1426,STT,CTCP Vận chuyển Sài Gòn Tourist,1274,5
1427,STU,CTCP Môi Trường và Công trình Đô Thị Sơn Tây,2718,5
1428,STV,CTCP Chế tác Đá Việt Nam,1626,5
1429,STW,CTCP Cấp nước Sóc Trăng,4695,5
1430,SUM,CTCP Đo đạc và Khoáng sản,4635,5
1431,SVC,CTCP Dịch vụ Tổng hợp Sài Gòn,979,1
1432,SVD,CTCP Đầu tư &amp; Thương mại Vũ Đăng,4848,1
1433,SVG,CTCP Hơi Kỹ nghệ Que hàn,3865,5
1434,SVH,CTCP Thủy điện Sông Vàng,4621,5
1435,SVI,CTCP Bao bì Biên Hòa,1429,1
1436,SVL,CTCP Nhân lực Quốc tế Sovilaco,4062,5
1437,SVN,CTCP Tập đoàn Vexilla Việt Nam,3007,2
1438,SVT,CTCP Công nghệ Sài Gòn Viễn Đông,2749,1
1439,SWC,Tổng Công ty cổ phần Đường sông Miền Nam,2166,5
1440,SZB,CTCP Sonadezi Long Bình,3120,2
1441,SZC,CTCP Sonadezi Châu Đức,2183,1
1442,SZE,CTCP Môi trường Sonadezi,4122,5
1443,SZG,CTCP Sonadezi Giang Điền,4887,5
1444,SZL,CTCP Sonadezi Long Thành,1292,1
1445,T12,CTCP Thương mại Dịch vụ Tràng Thi,4081,5
1446,TA3,CTCP Đầu tư và Xây lắp Thành An 386,4631,5
1447,TA6,CTCP Đầu tư và Xây lắp Thành An 665,4604,5
1448,TA9,CTCP Xây lắp Thành An 96,2919,2
1449,TAC,CTCP Dầu thực vật Tường An,824,1
1450,TAG,CTCP Thế Giới Số Trần Anh,1734,5
1451,TAN,CTCP Cà phê Thuận An,4737,5
1452,TAP,CTCP Đô thị Tân An,4376,5
1453,TAR,CTCP Nông nghiệp Công nghệ cao Trung An,4724,2
1454,TAW,CTCP Cấp nước Trung An,3842,5
1455,TB8,CTCP Sản xuất và Kinh doanh Vật tư Thiết bị - VVMI,4430,5
1456,TBC,CTCP Thủy điện Thác Bà,1004,1
1457,TBD,Tổng Công ty Thiết bị Điện Đông Anh - CTCP,1627,5
1458,TBH,CTCP Tổng Bách Hóa,2198,5
1459,TBN,CTCP Thoát nước và Xử lý Nước thải Bắc Ninh,4555,5
1460,TBR,CTCP Địa ốc Tân Bình,1248,5
1461,TBT,CTCP Xây dựng Công trình Giao thông Bến Tre,2238,5
1462,TBX,CTCP Xi măng Thái Bình,1439,2
1463,TC6,CTCP Than Cọc Sáu - Vinacomin,1168,2
1464,TCB,Ngân hàng TMCP Kỹ thương Việt Nam,1176,1
1465,TCD,CTCP Đầu tư Phát triển Công nghiệp và Vận tải,3613,1
1466,TCH,CTCP Đầu tư Dịch vụ Tài chính Hoàng Huy,4383,1
1467,TCI,CTCP Chứng khoán Thành Công,1369,5
1468,TCJ,CTCP Tô Châu,2127,5
1469,TCK,Tổng Công ty Cơ khí Xây dựng - CTCP,4337,5
1470,TCL,CTCP Đại lý Giao nhận Vận tải Xếp dỡ Tân Cảng,1239,1
1471,TCM,CTCP Dệt may - Đầu tư - Thương mại Thành Công,953,1
1472,TCO,CTCP Vận tải Đa phương thức Duyên Hải,1825,1
1473,TCR,CTCP Công nghiệp Gốm sứ Taicera,825,1
1474,TCS,CTCP Than Cao Sơn - Vinacomin,1386,2
1475,TCT,CTCP Cáp treo Núi Bà Tây Ninh,734,1
1476,TCW,CTCP Kho Vận Tân Cảng,3065,5
1477,TDB,CTCP Thủy điện Định Bình,2944,5
1478,TDC,CTCP Kinh doanh và Phát triển Bình Dương,1933,1
1479,TDF,CTCP Trung Đô,2815,5
1480,TDG,CTCP Đầu tư TDG GLOBAL,4403,1
1481,TDH,CTCP Phát triển Nhà Thủ Đức,826,1
1482,TDI,CTCP Tập đoàn TDI,4924,5
1483,TDM,CTCP Nước Thủ Dầu Một,4289,1
1484,TDN,CTCP Than Đèo Nai - Vinacomin,1387,2
1485,TDP,CTCP Thuận Đức,4716,1
1486,TDS,CTCP Thép Thủ Đức - VNSTEEL,2518,5
1487,TDT,CTCP Đầu tư và Phát triển TDT,4676,2
1488,TDW,CTCP Cấp nước Thủ Đức,2191,1
1489,TEC,CTCP TRAENCO,2453,5
1490,TED,Tổng Công ty tư vấn thiết kế giao thông vận tải - CTCP,3806,5
1491,TEG,CTCP Năng lượng và Bất động sản Trường Thành,4179,1
1492,TEL,CTCP Phát triển Công trình Viễn thông,2814,5
1493,TET,CTCP Vải sợi May mặc Miền Bắc,1840,2
1494,TFC,CTCP Trang,4155,2
1495,TGG,CTCP Louis Capital,4678,1
1496,TGP,CTCP Trường Phú,1784,5
1497,TH1,CTCP Xuất nhập khẩu tổng hợp 1 Việt Nam,1262,5
1498,THB,CTCP Bia Hà Nội - Thanh Hóa,1428,2
1499,THD,CTCP Thaiholdings,4817,2
1500,THG,CTCP Đầu tư và Xây dựng Tiền Giang,2125,1
1501,THI,CTCP Thiết bị Điện,2137,1
1502,THN,CTCP Cấp nước Thanh Hóa,4245,5
1503,THP,CTCP Thủy sản và Thương mại Thuận Phước,2385,5
1504,THR,CTCP Đường sắt Thuận Hải,4486,5
1505,THS,CTCP Thanh Hoa - Sông Đà,2419,2
1506,THT,CTCP Than Hà Tu - Vinacomin,1414,2
1507,THU,CTCP Môi trường và Công trình Đô thị Thanh Hóa,4506,5
1508,THW,CTCP Cấp nước Tân Hòa,4265,5
1509,TIC,CTCP Đầu Tư Điện Tây Nguyên,1814,1
1510,TID,CTCP Tổng Công ty Tín Nghĩa,4275,5
1511,TIE,CTCP TIE,1502,5
1512,TIG,CTCP Tập đoàn Đầu tư Thăng Long,2700,2
1513,TIN,Công Ty Tài chính Cổ phần Tín Việt,2170,5
1514,TIP,CTCP Phát triển Khu Công nghiệp Tín Nghĩa,2054,1
1515,TIS,CTCP Gang thép Thái Nguyên,2745,5
1516,TIX,CTCP Sản xuất Kinh doanh Xuất nhập khẩu Dịch vụ và Đầu tư Tân Bình,1315,1
1517,TJC,CTCP Dịch vụ Vận tải và Thương mại,1103,2
1518,TKA,CTCP Bao bì Tân Khánh An,4815,5
1519,TKC,CTCP Xây dựng và Kinh doanh Địa ốc Tân Kỷ,1872,2
1520,TKG,CTCP Sản xuất và Thương mại Tùng Khánh,4859,2
1521,TKU,CTCP Công nghiệp Tung Kuang,1005,2
1522,TL4,Tổng Công ty cổ phần Xây dựng Thủy Lợi 4,2844,5
1523,TLD,CTCP Đầu tư Xây dựng và Phát triển Đô thị Thăng Long,4609,1
1524,TLG,CTCP Tập đoàn Thiên Long,2050,1
1525,TLH,CTCP Tập đoàn Thép Tiến Lên,2164,1
1526,TLI,CTCP May Quốc tế Thắng Lợi,2177,5
1527,TLP,Tổng Công ty Thương mại Xuất nhập khẩu Thanh Lễ - CTCP,4566,5
1528,TLT,CTCP Viglacera Thăng Long ,982,5
1529,TMB,CTCP Kinh doanh Than Miền Bắc - Vinacomin,2325,2
1530,TMC,CTCP Thương mại Xuất nhập khẩu Thủ Đức,828,2
1531,TMG,CTCP Kim loại màu Thái Nguyên - Vimico,3785,5
1532,TMP,CTCP Thủy điện Thác Mơ,1256,1
1533,TMS,CTCP Transimex,22,1
1534,TMT,CTCP Ô tô TMT,2152,1
1535,TMW,CTCP Tổng hợp Gỗ Tân Mai,2132,5
1536,TMX,CTCP VICEM Thương mại Xi măng,1850,2
1537,TN1,CTCP Thương mại Dịch vụ TNS Holdings,4731,1
1538,TNA,CTCP Thương mại Xuất nhập khẩu Thiên Nam,1334,1
1539,TNB,CTCP Thép Nhà Bè - VNSTEEL,1728,5
1540,TNC,CTCP Cao su Thống Nhất,926,1
1541,TND,CTCP Than Tây Nam Đá mài - Vinacomin,3562,5
1542,TNG,CTCP Đầu tư và Thương mại TNG,1006,2
1543,TNH,CTCP Bệnh viện Quốc tế Thái Nguyên,4769,1
1544,TNI,CTCP Tập đoàn Thành Nam,3098,1
1545,TNM,CTCP Xuất nhập khẩu và Xây dựng Công trình,1845,5
1546,TNP,CTCP Cảng Thị Nại,3117,5
1547,TNS,CTCP Thép tấm lá Thống Nhất,2956,5
1548,TNT,CTCP Tập đoàn TNT,2600,1
1549,TNW,CTCP Nước sạch Thái Nguyên,4502,5
1550,TNY,CTCP Đầu tư Xây dựng Thanh Niên,2110,5
1551,TOP,CTCP Phân phối Top One,4104,5
1552,TOS,CTCP Dịch vụ biển Tân Cảng,4875,5
1553,TOT,CTCP Transimex Logistics,4524,2
1554,TOW,CTCP Cấp nước Trà Nóc - Ô Môn,4722,5
1555,TPB,Ngân hàng TMCP Tiên Phong,1987,1
1556,TPC,CTCP Nhựa Tân Đại Hưng,1014,1
1557,TPH,CTCP In sách giáo khoa tại Thành phố Hà Nội,983,2
1558,TPP,CTCP Tân Phú Việt Nam,1337,2
1559,TPS,CTCP Bến Bãi Vận tải Sài Gòn,4187,5
1560,TQN,CTCP Thông Quảng Ninh,3334,5
1561,TQW,CTCP Cấp thoát nước Tuyên Quang,4381,5
1562,TR1,CTCP Vận Tải 1 Traco,2190,5
1563,TRA,CTCP Traphaco,1297,1
1564,TRC,CTCP Cao su Tây Ninh,998,1
1565,TRS,CTCP Vận tải và Dịch vụ Hàng hải,4135,5
1566,TRT,CTCP RedstarCera,2113,5
1567,TS3,CTCP Trường Sơn 532,4570,5
1568,TS4,CTCP Thủy sản Số 4,606,5
1569,TS5,CTCP Trường Sơn 145,4577,5
1570,TSB,CTCP Ắc quy Tia Sáng,2068,2
1571,TSC,CTCP Vật tư Kỹ thuật nông nghiệp Cần Thơ,950,1
1572,TSD,CTCP Du lịch Trường Sơn COECCO,4636,5
1573,TSG,CTCP Thông tin Tín hiệu Đường sắt Sài Gòn,4490,5
1574,TSJ,CTCP Du lịch Dịch vụ Hà Nội,4013,5
1575,TST,CTCP Dịch vụ Kỹ Thuật Viễn thông,1104,5
1576,TTA,CTCP Đầu tư Xây dựng và Phát triển Trường Thành,4830,1
1577,TTB,CTCP Tập đoàn Tiến Bộ,2886,1
1578,TTC,CTCP Gạch men Thanh Thanh,769,2
1579,TTD,CTCP Bệnh viện tim Tâm Đức,1504,5
1580,TTE,CTCP Đầu tư Năng lượng Trường Thịnh,4702,1
1581,TTF,CTCP Tập đoàn Kỹ nghệ gỗ Trường Thành,1061,1
1582,TTG,CTCP May Thanh Trì,2070,5
1583,TTH,CTCP Thương mại và Dịch vụ Tiến Thành,4321,2
1584,TTJ,CTCP Thủy Tạ,2864,5
1585,TTL,Tổng Công ty Thăng Long - CTCP,3801,2
1586,TTN,CTCP Công nghệ và Truyền thông Việt Nam,4489,5
1587,TTP,CTCP Bao bì nhựa Tân Tiến,829,5
1588,TTR,CTCP Du lịch Thương mại và Đầu Tư,1647,5
1589,TTS,CTCP Cán Thép Thái Trung,4223,5
1590,TTT,CTCP Du lịch - Thương mại Tây Ninh,1643,2
1591,TTV,CTCP Thông tin Tín hiệu Đường sắt Vinh,4392,5
1592,TTZ,CTCP Đầu tư Xây dựng và Công nghệ Tiến Trung,3274,2
1593,TUG,CTCP Lai Dắt và Vận tải Cảng Hải Phòng,3129,5
1594,TV1,CTCP Tư vấn Xây dựng Điện 1,2436,5
1595,TV2,CTCP Tư vấn Xây dựng Điện 2,1846,1
1596,TV3,CTCP Tư vấn Xây dựng Điện 3,1853,2
1597,TV4,CTCP Tư vấn Xây dựng Điện 4,1214,2
1598,TV6,CTCP Thương mại Đầu tư xây lắp điện Thịnh Vượng,4866,5
1599,TVA,CTCP Sứ Viglacera Thanh Trì,4485,5
1600,TVB,CTCP Chứng khoán Trí Việt,1352,1
1601,TVC,CTCP Tập đoàn Quản lý Tài sản Trí Việt,3727,2
1602,TVD,CTCP Than Vàng Danh - Vinacomin,1718,2
1603,TVG,CTCP Tư vấn Đầu tư và Xây dựng Giao thông Vận tải,1919,5
1604,TVH,CTCP Tư vấn Xây dựng công trình Hàng hải,4720,5
1605,TVM,CTCP Tư vấn Đầu tư mỏ và Công Nghiệp - Vinacomin,3213,5
1606,TVN,Tổng Công ty Thép Việt Nam - CTCP,3022,5
1607,TVP,CTCP Dược phẩm TV.Pharm,2171,5
1608,TVS,CTCP Chứng khoán Thiên Việt,1371,1
1609,TVT,Tổng Công ty Việt Thắng - CTCP,2287,1
1610,TVU,CTCP Công trình Đô thị Trà Vinh,4402,5
1611,TVW,CTCP Cấp thoát nước Trà Vinh,4296,5
1612,TW3,CTCP Dược Trung ương 3,4396,5
1613,TXM,CTCP VICEM Thạch cao Xi măng,1008,2
1614,TYA,CTCP Dây và Cáp Điện Taya Việt Nam,757,1
1615,UCT,CTCP Đô thị Cần Thơ,4405,5
1616,UDC,CTCP Xây dựng và Phát triển Đô thị Tỉnh Bà Rịa Vũng Tàu,2517,1
1617,UDJ,CTCP Phát triển Đô thị,2163,5
1618,UDL,CTCP Đô thị và Môi trường Đắk Lắk,4785,5
1619,UEM,CTCP Cơ điện Uông Bí - Vinacomin,3087,5
1620,UIC,CTCP Đầu tư Phát triển Nhà và Đô thị IDICO,1001,1
1621,UMC,CTCP Công trình Đô thị Nam Định,4544,5
1622,UNI,CTCP Đầu Tư Và Phát Triển Sao Mai Việt,381,2
1623,UPC,CTCP Phát triển Công viên Cây xanh và Đô thị Vũng Tàu,2725,5
1624,UPCOMINDEX,UPCOM-I,3,3
1625,UPH,CTCP Dược phẩm TW 25,2452,5
1626,USC,CTCP Khảo sát và Xây dựng -USCO,3871,5
1627,USD,CTCP Công trình Đô thị Sóc Trăng,4726,5
1628,V11,CTCP Xây dựng Số 11,1446,5
1629,V12,CTCP Xây dựng Số 12,1866,2
1630,V15,CTCP Xây dựng Số 15,1878,5
1631,V21,CTCP Vinaconex 21,1757,2
1632,VAB,Ngân hàng TMCP Việt Á,1209,5
1633,VAF,CTCP Phân lân Nung chảy Văn Điển,3602,1
1634,VAT,CTCP Viễn thông Vạn Xuân,2645,5
1635,VAV,CTCP VIWACO,4530,5
1636,VBB,Ngân hàng TMCP Việt Nam Thương Tín,1480,5
1637,VBC,CTCP Nhựa - Bao bì Vinh,1890,2
1638,VBG,CTCP Địa chất Việt Bắc - TKV,4188,5
1639,VBH,CTCP Điện tử Bình Hòa,985,5
1640,VC1,CTCP Xây dựng Số 1,1557,2
1641,VC2,CTCP Đầu tư và Xây dựng Vina2,987,2
1642,VC3,CTCP Tập đoàn Nam Mê Kông,1070,2
1643,VC5,CTCP Xây dựng Số 5,1071,5
1644,VC6,CTCP Xây dựng và Đầu tư Visicons,1074,2
1645,VC7,CTCP Tập đoàn BGI,1078,2
1646,VC9,CTCP Xây dựng số 9 - VC9,1833,2
1647,VCA,CTCP Thép VICASA - VNSTEEL,1727,1
1648,VCB,Ngân hàng TMCP Ngoại thương Việt Nam,1167,1
1649,VCC,CTCP Vinaconex 25,1515,2
1650,VCE,CTCP Xây lắp Môi trường,4133,5
1651,VCF,CTCP Vinacafé Biên Hòa,1266,1
1652,VCG,Tổng Công ty cổ phần Xuất nhập khẩu và Xây dựng Việt Nam,1290,1
1653,VCI,CTCP Chứng khoán Bản Việt,1182,1
1654,VCM,CTCP Nhân lực và Thương mại Vinaconex,2553,2
1655,VCP,CTCP Xây Dựng Và Năng Lượng VCP,2882,5
1656,VCR,CTCP Đầu tư và Phát triển Du lịch Vinaconex,2549,5
1657,VCS,CTCP Vicostone,1105,2
1658,VCT,CTCP Tư vấn Xây dựng Vinaconex,2646,5
1659,VCW,CTCP Đầu tư Nước sạch Sông Đà,3327,5
1660,VCX,CTCP Xi măng Yên Bình,2992,5
1661,VDB,CTCP Vận tải và Chế biến Than Đông Bắc,4718,5
1662,VDL,CTCP Thực phẩm Lâm Đồng,1106,2
1663,VDM,Viện Dệt May,4656,5
1664,VDN,CTCP Vinatex Đà Nẵng,2264,5
1665,VDP,CTCP Dược phẩm Trung ương VIDIPHA,1498,1
1666,VDS,CTCP Chứng khoán Rồng Việt,856,1
1667,VDT,CTCP Lưới thép Bình Tây,2354,5
1668,VE1,CTCP Xây dựng Điện VNECO 1,1236,2
1669,VE2,CTCP Xây dựng Điện VNECO 2,1899,2
1670,VE3,CTCP Xây dựng Điện VNECO 3,2178,2
1671,VE4,CTCP Xây dựng Điện VNECO4,3231,2
1672,VE8,CTCP Xây dựng Điện VNECO 8,2009,2
1673,VE9,CTCP Đầu tư và Xây dựng VNECO 9,1107,5
1674,VEA,Tổng Công ty Máy động lực và Máy nông nghiệp Việt Nam – CTCP,4361,5
1675,VEC,Tổng Công ty cổ phần Điện tử và Tin học Việt Nam,1782,5
1676,VEE,CTCP Thiết bị Điện Cẩm Phả,2216,5
1677,VEF,CTCP Trung tâm Hội chợ Triển lãm Việt Nam,4001,5
1678,VES,CTCP Đầu tư và Xây dựng Điện Mêca Vneco,2543,5
1679,VET,CTCP Thuốc thú y Trung ương Navetco,4614,5
1680,VFC,CTCP Vinafco,765,5
1681,VFG,CTCP Khử trùng Việt Nam,1875,1
1682,VFR,CTCP Vận tải và Thuê tàu,988,5
1683,VFS,CTCP Chứng khoán Nhất Việt,1481,5
1684,VGC,Tổng Công ty Viglacera - CTCP,3619,1
1685,VGG,Tổng Công ty cổ phần May Việt Tiến,2417,5
1686,VGI,Tổng Công ty cổ phần Đầu tư Quốc tế Viettel,2521,5
1687,VGL,CTCP Mạ Kẽm Công Nghiệp Vingal - Vnsteel,3963,5
1688,VGP,CTCP Cảng Rau Quả,831,2
1689,VGR,CTCP Cảng Xanh Vip,4669,5
1690,VGS,CTCP Ống thép Việt Đức VG PIPE,1420,2
1691,VGT,Tập đoàn Dệt May Việt Nam,3579,5
1692,VGV,Tổng Công ty Tư vấn Xây dựng Việt Nam - CTCP,4308,5
1693,VHC,CTCP Vĩnh Hoàn,1063,1
1694,VHD,CTCP Đầu tư Phát triển Nhà và Đô Thị VINAHUD,2917,5
1695,VHE,CTCP Dược liệu và Thực phẩm Việt Nam,4723,2
1696,VHF,CTCP Xây dựng và Chế biến Lương thực Vĩnh Hà,2063,5
1697,VHG,CTCP Đầu tư Phát triển Việt Trung Nam,1040,5
1698,VHH,CTCP Đầu tư Kinh doanh Nhà Thành Đạt,2345,5
1699,VHI,CTCP Kinh doanh và Đầu tư Việt Hà,4232,5
1700,VHL,CTCP Viglacera Hạ Long,1484,2
1701,VHM,CTCP Vinhomes,4673,1
1702,VIB,Ngân hàng TMCP Quốc tế Việt Nam,278,1
1703,VIC,Tập đoàn VINGROUP - CTCP,942,1
1704,VID,CTCP Đầu tư Phát triển Thương mại Viễn Đông,832,1
1705,VIE,CTCP Công nghệ Viễn thông VITECO,2004,5
1706,VIF,Tổng Công ty Lâm nghiệp Việt Nam - CTCP,4282,2
1707,VIG,CTCP Chứng khoán Thương mại và Công nghiệp Việt Nam,1206,2
1708,VIH,CTCP Viglacera Hà Nội,1435,5
1709,VIM,CTCP Khoáng sản Viglacera,2490,5
1710,VIN,CTCP Giao nhận Kho vận Ngoại Thương Việt Nam,3005,5
1711,VIP,CTCP Vận tải Xăng dầu Vipco,833,1
1712,VIR,CTCP Du lịch Quốc tế Vũng Tàu,2143,5
1713,VIS,CTCP Thép Việt Ý,834,1
1714,VIT,CTCP Viglacera Tiên Sơn,1842,2
1715,VIW,Tổng Công ty Đầu tư Nước và Môi trường Việt Nam,3663,5
1716,VIX,CTCP Chứng khoán VIX,1186,1
1717,VJC,CTCP Hàng không Vietjet,2421,1
1718,VKC,CTCP VKC Holdings ,2701,2
1719,VKD,CTCP Nước khoáng Khánh Hòa,2139,5
1720,VKP,CTCP Nhựa Tân Hóa,1156,5
1721,VLA,CTCP Đầu tư và Phát triển Công nghệ Văn Lang,2601,2
1722,VLB,CTCP Xây dựng và Sản xuất Vật liệu xây dựng Biên Hòa,4128,5
1723,VLC,Tổng Công ty Chăn Nuôi Việt Nam - CTCP,3577,5
1724,VLF,CTCP Lương thực Thực phẩm Vĩnh Long,2213,5
1725,VLG,CTCP VIMC Logistics,3338,5
1726,VLP,CTCP Công trình Công cộng Vĩnh Long,4527,5
1727,VLW,CTCP Cấp nước Vĩnh Long,4277,5
1728,VMA,CTCP Công nghiệp Ô tô - Vinacomin,2479,5
1729,VMC,CTCP Vimeco,989,2
1730,VMD,CTCP Y Dược phẩm Vimedimex,2235,1
1731,VMG,CTCP Thương mại và Dịch vụ Dầu khí Vũng Tàu,1830,5
1732,VMI,CTCP Khoáng sản và Đầu tư Visaco,3749,5
1733,VMS,CTCP Phát triển Hàng Hải,2265,2
1734,VMT,CTCP Giao nhận Vận tải miền Trung,4926,5
1735,VN100,VN100-I,7,1
1736,VNA,CTCP Vận tải Biển Vinaship,1291,5
1737,VNALL,VNALL-I,9,1
1738,VNB,CTCP Sách Việt Nam,4266,5
1739,VNC,CTCP Tập đoàn Vinacontrol,990,2
1740,VND,CTCP Chứng khoán VNDirect,1377,1
1741,VNE,Tổng Công ty cổ phần Xây dựng Điện Việt Nam,995,1
1742,VNF,CTCP Vinafreight,2337,2
1743,VNG,CTCP Du lịch Thành Thành Công,1995,1
1744,VNH,CTCP Đầu tư Việt Việt Nhật,2530,5
1745,VNI,CTCP Đầu tư Bất động sản Việt Nam,1818,5
1746,VNINDEX,VN-I,1,1
1747,VNL,CTCP Logistics Vinalink,1673,1
1748,VNM,CTCP Sữa Việt Nam,686,1
1749,VNMID,VNMID-I,6,1
1750,VNN,CTCP Đầu tư Thương mại VNN,3309,5
1751,VNP,CTCP Nhựa Việt Nam,2512,5
1752,VNR,Tổng Công ty cổ phần Tái Bảo hiểm Quốc gia Việt Nam,992,2
1753,VNS,CTCP Ánh Dương Việt Nam,1228,1
1754,VNSML,VNSML-I,8,1
1755,VNT,CTCP Giao nhận Vận tải Ngoại thương,1672,2
1756,VNX,CTCP Quảng cáo và Hội chợ Thương mại,2476,5
1757,VNY,CTCP Thuốc thú y Trung ương I,2759,5
1758,VNZ,CTCP VNG ,3095,5
1759,VOC,Tổng Công ty Công Nghiệp Dầu Thực Vật Việt Nam - CTCP,3748,5
1760,VOS,CTCP Vận tải Biển Việt Nam,2402,1
1761,VPA,CTCP Vận tải Hoá Dầu VP,3171,5
1762,VPB,Ngân hàng TMCP Việt Nam Thịnh Vượng,1175,1
1763,VPC,CTCP Đầu tư và Phát triển Năng lượng Việt Nam,1834,5
1764,VPD,CTCP Phát triển Điện lực Việt Nam,4297,1
1765,VPG,CTCP Đầu tư Thương mại Xuất nhập khẩu Việt Phát,4644,1
1766,VPH,CTCP Vạn Phát Hưng,1819,1
1767,VPI,CTCP Đầu tư Văn Phú - INVEST,4568,1
1768,VPK,CTCP Bao bì Dầu Thực Vật,835,5
1769,VPR,CTCP VinaPrint,4413,5
1770,VPS,CTCP Thuốc sát trùng Việt Nam (VIPESCO),1726,1
1771,VPW,CTCP Cấp thoát nước Số 1 Vĩnh Phúc,4590,5
1772,VQC,CTCP Giám định - Vinacomin,2102,5
1773,VRC,CTCP Bất động sản và Đầu tư VRC,2229,1
1774,VRE,CTCP Vincom Retail,4585,1
1775,VRG,CTCP Phát triển Đô thị và Khu công nghiệp Cao su Việt Nam,2503,5
1776,VSA,CTCP Đại lý Hàng hải Việt Nam,1410,2
1777,VSC,CTCP Container Việt Nam,1039,1
1778,VSE,CTCP Dịch vụ Đường cao tốc Việt Nam,4709,5
1779,VSF,Tổng Công ty Lương thực Miền Nam - CTCP,4657,5
1780,VSG,CTCP Container Phía Nam,1311,5
1781,VSH,CTCP Thủy điện Vĩnh Sơn - Sông Hinh,764,1
1782,VSI,CTCP Đầu tư và Xây dựng Cấp thoát nước,2698,1
1783,VSM,CTCP Container Miền Trung,4483,2
1784,VSN,CTCP Việt Nam Kỹ nghệ Súc sản,4248,5
1785,VSP,CTCP Vận tải biển và Bất động sản Việt Hải,1118,5
1786,VST,CTCP Vận tải và Thuê tàu biển Việt Nam,1493,5
1787,VT1,CTCP Vật tư Bến Thành,2077,5
1788,VT8,CTCP Dịch vụ Vận tải Ô Tô Số 8,3121,5
1789,VTA,CTCP Vitaly,836,5
1790,VTB,CTCP Viettronics Tân Bình,837,1
1791,VTC,CTCP Viễn thông VTC,69,2
1792,VTD,CTCP Du lịch Vietourist,4765,5
1793,VTE,CTCP VINACAP Kim Long,2424,5
1794,VTF,CTCP Thức Ăn Chăn Nuôi Việt Thắng,2219,1
1795,VTG,CTCP Du lịch Tỉnh Bà Rịa - Vũng Tàu,2507,5
1796,VTH,CTCP Dây cáp Điện Việt Thái,1651,2
1797,VTI,CTCP Sản xuất - Xuất nhập khẩu Dệt may,2079,5
1798,VTJ,CTCP Thương mại và Đầu tư VI NA TA BA,1729,2
1799,VTK,CTCP Tư Vấn Và Dịch Vụ Viettel,2945,5
1800,VTL,CTCP Vang Thăng Long,1108,2
1801,VTM,CTCP Vận tải và Đưa đón thợ mỏ - VINACOMIN,3222,5
1802,VTO,CTCP Vận tải Xăng dầu Vitaco,952,1
1803,VTP,Tổng Công ty cổ phần Bưu chính Viettel,2511,5
1804,VTQ,CTCP Việt Trung Quảng Bình,4508,5
1805,VTR,CTCP Du lịch và Tiếp thị Giao thông Vận tải Việt Nam - Vietravel,4224,5
1806,VTS,CTCP Viglacera Từ Sơn,1109,5
1807,VTV,CTCP Năng lượng và Môi trường VICEM,1113,2
1808,VTX,CTCP Vận tải Đa Phương Thức Vietranstimex ,2826,5
1809,VTZ,CTCP Sản xuất và Thương mại Nhựa Việt Thành,4882,2
1810,VUA,CTCP Chứng khoán Stanley Brothers,1375,5
1811,VVN,Tổng Công ty cổ phần Xây dựng Công nghiệp Việt Nam,3679,5
1812,VVS,CTCP Đầu tư phát triển máy Việt Nam,4917,5
1813,VW3,CTCP Viwaseen3,1680,5
1814,VWS,CTCP Nước và Môi Trường Việt Nam,4434,5
1815,VXB,CTCP Vật liệu Xây dựng Bến Tre,1911,5
1816,VXP,CTCP Thuốc Thú y Trung ương VETVACO,4752,5
1817,VXT,CTCP Kho vận và Dịch vụ Thương mại,2292,5
1818,WCS,CTCP Bến xe Miền Tây,2180,2
1819,WSB,CTCP Bia Sài Gòn - Miền Tây,1506,5
1820,WSS,CTCP Chứng khoán Phố Wall,1203,2
1821,WTC,CTCP Vận tải Thủy - Vinacomin,2615,5
1822,WTN,CTCP Cấp thoát nước Tây Ninh,4200,5
1823,X18,CTCP Xi măng X18,2350,5
1824,X20,CTCP X20,4638,2
1825,X26,CTCP 26,4696,5
1826,X77,CTCP Thành An 77,4456,5
1827,XDC,Công ty TNHH MTV Xây dựng Công trình Tân Cảng,4922,5
1828,XDH,CTCP Đầu tư Xây dựng Dân dụng Hà Nội,2131,5
1829,XHC,CTCP Xuân Hòa Việt Nam,4085,5
1830,XLV,CTCP Xây Lắp và Dịch vụ Sông Đà,3227,5
1831,XMC,CTCP Đầu tư  và Xây dựng Xuân Mai,1073,5
1832,XMD,CTCP Xuân Mai - Đạo Tú,2469,5
1833,XMP,CTCP Thủy điện Xuân Minh,4876,5
1834,XPH,CTCP Xà phòng Hà Nội,2298,5
1835,YBC,CTCP Xi măng và Khoáng sản Yên Bái,1138,5
1836,YBM,CTCP Khoáng sản Công nghiệp Yên Bái,4687,1
1837,YEG,CTCP Tập đoàn Yeah1,4680,1
1838,YRC,CTCP Đường sắt Yên Lào,4377,5
1839,YTC,CTCP Xuất nhập khẩu Y tế Thành phố Hồ Chí Minh,2008,5
